id,name,type,address,location,pname,cityname,adname,city
B0FFJ1GJA3,森马,购物服务;购物相关场所;购物相关场所,辛集镇鹿城商业广场一楼,115.215195,37.940937,河北省,石家庄市,辛集市,河北省
B0FFITCTZT,森马,购物服务;服装鞋帽皮具店;服装鞋帽皮具店,龙州镇惠民商厦,114.550025,38.442184,河北省,石家庄市,行唐县,河北省
B0FFIPZII7,森马,购物服务;服装鞋帽皮具店;品牌服装店,城滨河路1号万瑞福广场3层01-02-03附近,114.145752,38.026589,河北省,石家庄市,井陉县,河北省
B0FFHNRFM8,森马,购物服务;服装鞋帽皮具店;品牌服装店,藁城区昌盛街信誉楼商厦(藁城店)3层,114.859719,38.026830,河北省,石家庄市,藁城区,河北省
B0FFFQZAOB,森马,购物服务;服装鞋帽皮具店;品牌服装店,槐阳大街与人民路交叉口西200米,114.534285,37.755638,河北省,石家庄市,元氏县,河北省
B0FFHFMECA,森马(信誉楼百货店),购物服务;服装鞋帽皮具店;品牌服装店,联盟街道中华北大街与柏林南路交口信誉楼高柱店4楼,114.477766,38.072643,河北省,石家庄市,新华区,河北省
B0FFGKJ5MN,森马(东岗路店),购物服务;服装鞋帽皮具店;服装鞋帽皮具店,北国商城益东百货购物中心B1层,114.554720,38.009990,河北省,石家庄市,裕华区,河北省
B01370TQJT,森马(东购店),购物服务;服装鞋帽皮具店;品牌服装店|购物服务;服装鞋帽皮具店;品牌鞋店,中山西路83号银座商城F1层,114.486312,38.044556,河北省,石家庄市,新华区,河北省
B0FFHUBCAV,森马(正定燕赵大街一店),购物服务;服装鞋帽皮具店;品牌服装店,燕赵南大街67号,114.569189,38.148959,河北省,石家庄市,正定县,河北省
B0FFHPUQ77,森马(汇华广场),购物服务;服装鞋帽皮具店;品牌服装店,红旗大街469号汇华广场2F层,114.460034,38.007921,河北省,石家庄市,桥西区,河北省
B0FFGC5KIB,森马(益新购物中心),购物服务;服装鞋帽皮具店;品牌服装店,开发区天山大街与学苑路交叉口东北角益新购物中心3F层,114.610171,38.014174,河北省,石家庄市,裕华区,河北省
B01370WK9C,森马(井陉建设北路店),购物服务;服装鞋帽皮具店;品牌服装店,建设北路38号,114.142169,38.036558,河北省,石家庄市,井陉县,河北省
B01370TDLS,森马(元氏县医院东),购物服务;服装鞋帽皮具店;品牌服装店,人民路与昌盛街交叉口西100米,114.527503,37.755341,河北省,石家庄市,元氏县,河北省
B013706NP0,森马(新城大街店),购物服务;服装鞋帽皮具店;品牌服装店,中兴大街181号,114.609340,37.602814,河北省,石家庄市,高邑县,河北省
B01370T6B2,森马(赞皇一店),购物服务;服装鞋帽皮具店;品牌服装店,美源名品广场森马,114.387404,37.659137,河北省,石家庄市,赞皇县,河北省
B01370TSIY,森马(汇华店),购物服务;服装鞋帽皮具店;品牌服装店,[],114.458991,38.010455,河北省,石家庄市,桥西区,河北省
B0FFIZWAS7,森马,购物服务;服装鞋帽皮具店;品牌服装店,康宁街83号,112.575079,37.742402,山西省,太原市,小店区,山西省
B0FFFGX63T,SEMIR,购物服务;服装鞋帽皮具店;品牌服装店,柳巷南路15号1-4层,112.566727,37.862766,山西省,太原市,迎泽区,山西省
B0FFJ671IZ,森马,购物服务;服装鞋帽皮具店;品牌服装店,南大街22号附近,111.795825,38.066560,山西省,太原市,娄烦县,山西省
B0FFIVKY06,森马,购物服务;服装鞋帽皮具店;品牌服装店,徐沟镇建国商城,112.513149,37.559073,山西省,太原市,清徐县,山西省
B0FFH2OEWM,森马(朝阳街),购物服务;服装鞋帽皮具店;品牌服装店,朝阳街1号主体大楼2号,112.586295,37.854597,山西省,太原市,迎泽区,山西省
B0FFGF7L1X,森马(和平北路店),购物服务;服装鞋帽皮具店;品牌服装店,和平北路23号和平时代商业街北区1层104-1号铺,112.510282,37.863730,山西省,太原市,万柏林区,山西省
B0FFGD1D09,森马(平阳路店),购物服务;服装鞋帽皮具店;品牌服装店,平阳路大马村北正一街3排1号,112.552307,37.800018,山西省,太原市,小店区,山西省
B015F0IW6E,森马(朝阳街一店),购物服务;服装鞋帽皮具店;品牌服装店,朝阳街8号外门面房5号,112.590560,37.855112,山西省,太原市,迎泽区,山西省
B0FFGDJCQP,森马(太原迎新街一店),购物服务;服装鞋帽皮具店;品牌服装店,兴安苑西6号楼东2号门面房,112.535209,37.955679,山西省,太原市,尖草坪区,山西省
B0FFFGVU5P,森马(昌盛西街),购物服务;服装鞋帽皮具店;品牌服装店,人民北路与昌盛西街交叉口西北100米,112.568370,37.736497,山西省,太原市,小店区,山西省
B015F14I2X,森马(恒山路),购物服务;服装鞋帽皮具店;品牌服装店,恒山路电车总站旁100米处,112.562166,37.919629,山西省,太原市,尖草坪区,山西省
B015F0IV3A,森马(人民北路店),购物服务;服装鞋帽皮具店;品牌服装店,人民北路药材公司宿舍南1层商铺,112.568241,37.736616,山西省,太原市,小店区,山西省
B015F14W1J,森马(加州小镇西),购物服务;服装鞋帽皮具店;品牌服装店,小店街办人民北路药材公司楼下,112.573165,37.735156,山西省,太原市,小店区,山西省
B0FFIMOIEA,森马,购物服务;服装鞋帽皮具店;品牌服装店,金海路南50米,111.539200,40.783770,内蒙古自治区,呼和浩特市,土默特左旗,内蒙古自治区
B0FFK2BWT9,森马,购物服务;服装鞋帽皮具店;服装鞋帽皮具店,托克托大街大盛魁商厦2层,111.225540,40.271160,内蒙古自治区,呼和浩特市,托克托县,内蒙古自治区
B0FFJ3614R,森马,购物服务;服装鞋帽皮具店;品牌服装店,东胜东路79附近,111.198568,40.277739,内蒙古自治区,呼和浩特市,托克托县,内蒙古自治区
B0FFIZUK7R,森马,购物服务;服装鞋帽皮具店;品牌服装店,新华街与盛乐街交叉口东北100米,111.825645,40.382708,内蒙古自治区,呼和浩特市,和林格尔县,内蒙古自治区
B0FFIKBXWX,森马(维多利商厦店),购物服务;服装鞋帽皮具店;品牌服装店,中山西路39号维多利商厦F1,111.668448,40.815367,内蒙古自治区,呼和浩特市,回民区,内蒙古自治区
B0FFIB9XYG,森马(购物中心),购物服务;服装鞋帽皮具店;品牌服装店,锡林郭勒北路110号附近,111.669277,40.817984,内蒙古自治区,呼和浩特市,回民区,内蒙古自治区
B01D702ECS,森马(贝尔路南巷店),购物服务;服装鞋帽皮具店;品牌服装店,中山西路7号民族商场B座F1层,111.666216,40.814337,内蒙古自治区,呼和浩特市,回民区,内蒙古自治区
B0FFFYARJN,森马(盛乐街店),购物服务;服装鞋帽皮具店;品牌服装店,城关镇盛乐街晟隆·财富广场,111.825248,40.380410,内蒙古自治区,呼和浩特市,和林格尔县,内蒙古自治区
B01D70OZGX,森马(托克托县农牧业局西南),购物服务;服装鞋帽皮具店;品牌服装店,云中中路(托克托县农牧业局西南),111.199557,40.275465,内蒙古自治区,呼和浩特市,托克托县,内蒙古自治区
B0FFG0972Y,森马(贝尔路南巷店),购物服务;服装鞋帽皮具店;品牌服装店,中山西路与锡林郭勒北路交叉口维多利购物中心2层,111.668368,40.815467,内蒙古自治区,呼和浩特市,回民区,内蒙古自治区
B0FFKQX4ZI,金川森马店,购物服务;购物相关场所;购物相关场所,新天地底商109金川森马店,111.538948,40.783754,内蒙古自治区,呼和浩特市,土默特左旗,内蒙古自治区
B0FFK6GOD3,森马,购物服务;服装鞋帽皮具店;服装鞋帽皮具店,中兴路六桂福珠宝旁,122.830843,41.996815,辽宁省,沈阳市,新民市,辽宁省
B00180HTRA,森马,购物服务;服装鞋帽皮具店;品牌服装店,辽河大街117号(华都宾馆北),122.830404,41.993542,辽宁省,沈阳市,新民市,辽宁省
B0FFGK9XZ2,森马(兴隆大家庭店),购物服务;服装鞋帽皮具店;品牌服装店,中街路115号兴隆大家庭F1层,123.455632,41.801301,辽宁省,沈阳市,沈河区,辽宁省
B0FFGIXGGV,森马(沈阳沙岭店),购物服务;服装鞋帽皮具店;品牌服装店,黄海路东湖市场,123.315848,41.794673,辽宁省,沈阳市,于洪区,辽宁省
B0FFFYAG4T,森马(财富广场),购物服务;服装鞋帽皮具店;品牌服装店,虎石财富广场1层,123.521211,41.940830,辽宁省,沈阳市,沈北新区,辽宁省
B00180F6FJ,森马(康平县人民医院西南),购物服务;服装鞋帽皮具店;品牌服装店,中心街405号附近,123.352635,42.738510,辽宁省,沈阳市,康平县,辽宁省
B00180F6FG,森马(法库红街店),购物服务;服装鞋帽皮具店;品牌服装店,法库镇红街3号楼,123.421874,42.506850,辽宁省,沈阳市,法库县,辽宁省
B00180D9BD,森马(枫杨路),购物服务;服装鞋帽皮具店;品牌服装店,枫阳路104号,123.342663,41.660964,辽宁省,沈阳市,苏家屯区,辽宁省
B0FFJ1MMTG,森马(沈阳苏家屯海棠街店),购物服务;服装鞋帽皮具店;服装鞋帽皮具店,枫杨路96号,123.344080,41.661141,辽宁省,沈阳市,苏家屯区,辽宁省
B0FFI8Q4YM,森马(龙之梦购物中心店),购物服务;服装鞋帽皮具店;服装鞋帽皮具店,滂江街22号龙之梦购物中心二层NF2-012A号,123.486694,41.806094,辽宁省,沈阳市,大东区,辽宁省
B0FFH2V59X,森马(上亿广场店),购物服务;服装鞋帽皮具店;品牌服装店,沈营大街587号上亿广场F1层,123.422984,41.690560,辽宁省,沈阳市,浑南区,辽宁省
B00180K5YL,森马(沈阳辽阳新运大街二店),购物服务;服装鞋帽皮具店;品牌服装店,东湖街32-3号附近,123.313424,41.794517,辽宁省,沈阳市,于洪区,辽宁省
B0FFJ4RVJ9,森马(欧亚新生活购物广场店),购物服务;服装鞋帽皮具店;品牌服装店,延安大街99号欧亚新生活B1层,125.305527,43.863674,吉林省,长春市,朝阳区,吉林省
B0FFH5BIFH,森马(亚泰富苑店),购物服务;服装鞋帽皮具店;品牌服装店,重庆路618号亚泰富苑购物中心F6层,125.327119,43.890996,吉林省,长春市,南关区,吉林省
B01AF0D44M,森马(长春重庆路潮人港专卖店),购物服务;服装鞋帽皮具店;品牌服装店,重庆路1517号地下一层A5A6号,125.331055,43.891578,吉林省,长春市,南关区,吉林省
B01AF0D3P0,森马(重庆路图书音像大厦东),购物服务;服装鞋帽皮具店;品牌服装店,重庆路426号,125.329373,43.891288,吉林省,长春市,南关区,吉林省
B0FFL0Z4KQ,森马(欧亚卖场奥特莱斯店),购物服务;服装鞋帽皮具店;品牌服装店,开运街169号欧亚卖场奥特莱斯F4,125.248651,43.843136,吉林省,长春市,朝阳区,吉林省
B0FFKT9JDR,森马(中东七彩城店),购物服务;服装鞋帽皮具店;服装鞋帽皮具店,湖西路与泰来街交汇处中东七彩城4层,125.278162,43.869924,吉林省,长春市,绿园区,吉林省
B0FFJD0A58,森马(砂之船中东奥莱店),购物服务;服装鞋帽皮具店;服装鞋帽皮具店,北人民大街4082号砂之船中东奥莱B1层,125.326996,43.947182,吉林省,长春市,宽城区,吉林省
B0FFJ7X7AZ,森马(车城万达广场),购物服务;服装鞋帽皮具店;品牌服装店,腾飞大路与西湖大路交汇(汽车公园南行200米)车城万达广场F2层,125.190959,43.828120,吉林省,长春市,绿园区,吉林省
B0FFHIN0X1,森马(住邦城市广场),购物服务;服装鞋帽皮具店;品牌服装店,青年路4255号住邦城市广场3F层,125.292419,43.940392,吉林省,长春市,宽城区,吉林省
B0FFH560WG,森马(利民街),购物服务;服装鞋帽皮具店;品牌服装店,利民街与德惠路交叉口东北150米,125.707136,44.537360,吉林省,长春市,德惠市,吉林省
B0FFGIRXWH,森马(欧亚长新购物中心店),购物服务;服装鞋帽皮具店;品牌服装店,长新东街3999号欧亚长新购物中心1层,125.368795,43.932286,吉林省,长春市,二道区,吉林省
B0FFG6PNUF,森马(昌盛街),购物服务;服装鞋帽皮具店;品牌服装店,德惠路198号附近,125.712125,44.535448,吉林省,长春市,德惠市,吉林省
B0FFG4LXM3,森马(新华大街店),购物服务;服装鞋帽皮具店;品牌服装店,新华大街与民乐路交叉口东北50米,125.837535,44.152374,吉林省,长春市,九台区,吉林省
B0FFG1UGXZ,森马(迅驰广场店),购物服务;服装鞋帽皮具店;品牌服装店,净月旅游开发区新城大街与博学路交汇迅驰广场二楼,125.417182,43.821163,吉林省,长春市,南关区,吉林省
B01AF0ZCFG,森马(天力时尚购物中心东),购物服务;服装鞋帽皮具店;品牌服装店,晨宇商贸大厦1号门西侧,125.656463,43.524088,吉林省,长春市,双阳区,吉林省
B01AF0ZAX5,森马(振兴街),购物服务;服装鞋帽皮具店;品牌服装店,德惠路298号,125.712079,44.535379,吉林省,长春市,德惠市,吉林省
B01AF09XO7,森马(金街花园东南店),购物服务;服装鞋帽皮具店;品牌服装店,黄龙府商贸街(金街花园东南),125.180060,44.431915,吉林省,长春市,农安县,吉林省
B0FFGXX4TT,森马(欢乐城),购物服务;服装鞋帽皮具店;品牌服装店,前进大街1889号欢乐城F2层,125.287994,43.831627,吉林省,长春市,朝阳区,吉林省
B01AF14NZI,森马(东发路店),购物服务;服装鞋帽皮具店;品牌服装店,公平路欧亚商超1层(东盛大街口),125.378813,43.870621,吉林省,长春市,二道区,吉林省
B0FFI06QH5,森马(亚泰富苑购物中心),购物服务;服装鞋帽皮具店;品牌服装店,南关清明街亚泰富苑对面森马,125.326327,43.891536,吉林省,长春市,南关区,吉林省
B0FFF31Y61,森马(亚泰大街中东新天地一柜)(装修中),购物服务;专卖店;专营店,亚泰大街1138号新天地购物公园3楼东侧(近影城)新天地购物公园(亚泰大街)3层,125.344050,43.898961,吉林省,长春市,南关区,吉林省
B0FFGIX83D,森马,购物服务;服装鞋帽皮具店;品牌服装店,香坊大街街道红旗大街38号通乡商店4楼,126.689599,45.726271,黑龙江省,哈尔滨市,香坊区,黑龙江省
B0FFG7ITLC,SEMIR,购物服务;服装鞋帽皮具店;品牌服装店,中央大街92号,126.619428,45.771188,黑龙江省,哈尔滨市,道里区,黑龙江省
B01C30I9JE,SEMIR,购物服务;服装鞋帽皮具店;品牌服装店,西十二道街42号,126.620152,45.769558,黑龙江省,哈尔滨市,道里区,黑龙江省
B0FFGOCX3J,森马,购物服务;服装鞋帽皮具店;品牌服装店,新疆街道新疆大街117号红旗茂商厦二楼,126.628582,45.604748,黑龙江省,哈尔滨市,平房区,黑龙江省
B0FFJ1N0SP,森马(东大直街店),购物服务;服装鞋帽皮具店;品牌服装店,东大直街338号,126.645288,45.760053,黑龙江省,哈尔滨市,南岗区,黑龙江省
B0FFIPSR2O,森马(凯德广场),购物服务;购物相关场所;购物相关场所,埃德蒙顿路38号凯德广场2层,126.593796,45.734701,黑龙江省,哈尔滨市,道里区,黑龙江省
B0FFH84DKM,森马(时尚港购物广场西南),购物服务;服装鞋帽皮具店;品牌服装店,东大直街340号,126.644711,45.758813,黑龙江省,哈尔滨市,南岗区,黑龙江省
B0FFH816R3,森马(兰西通河街二店),购物服务;服装鞋帽皮具店;品牌服装店,保健路街道学府路53号国贸服装城2楼,126.613264,45.706184,黑龙江省,哈尔滨市,南岗区,黑龙江省
B0FFF2R9QD,森马(乐松购物广场),购物服务;服装鞋帽皮具店;品牌服装店,三大动力路8号乐松购物广场2F层,126.648069,45.719100,黑龙江省,哈尔滨市,香坊区,黑龙江省
B01C31AQTY,森马(东直路店),购物服务;服装鞋帽皮具店;品牌服装店,东直路100号家乐福永平店2层,126.675158,45.784981,黑龙江省,哈尔滨市,道外区,黑龙江省
B01C30I9RQ,森马(东大直街店),购物服务;服装鞋帽皮具店;品牌服装店,东大直街323-3号,126.643977,45.759692,黑龙江省,哈尔滨市,南岗区,黑龙江省
B0FFG846TD,森马(哈尔滨学院路一店),购物服务;服装鞋帽皮具店;品牌服装店,学院路泓林金色地标9栋4门,126.545802,45.873888,黑龙江省,哈尔滨市,呼兰区,黑龙江省
B0FFKT2GWQ,森马(枫叶小镇奥特莱斯店),购物服务;服装鞋帽皮具店;服装鞋帽皮具店,中源大道枫叶小镇,126.462171,45.822376,黑龙江省,哈尔滨市,松北区,黑龙江省
B0FFKKQWT0,森马(双城区景观大道店),购物服务;服装鞋帽皮具店;品牌服装店,景观大道金阳大厦1号门市,126.318475,45.368385,黑龙江省,哈尔滨市,双城区,黑龙江省
B0FFICB4NO,森马(哈尔滨学院路二店),购物服务;服装鞋帽皮具店;品牌服装店,江北利民开发区学苑路柏林四季C1136,126.529324,45.874157,黑龙江省,哈尔滨市,呼兰区,黑龙江省
B0FFHXZ0L8,森马(红旗·Mall),购物服务;服装鞋帽皮具店;品牌服装店,新月街116号红旗·MallF2层,126.628187,45.605778,黑龙江省,哈尔滨市,平房区,黑龙江省
B0FFHNT7LD,森马(哈尔滨风线运动顾乡店),购物服务;服装鞋帽皮具店;服装鞋帽皮具店,顾乡大街85号世纪联华超市一楼,126.586863,45.737080,黑龙江省,哈尔滨市,道里区,黑龙江省
B0FFGNEAB8,森马(通江路店),购物服务;服装鞋帽皮具店;品牌服装店,木兰大街94号(木兰县畜牧兽医局东),128.044121,45.946366,黑龙江省,哈尔滨市,木兰县,黑龙江省
B0FFGIV95T,森马(金城胡同店),购物服务;服装鞋帽皮具店;品牌服装店,金城胡同北50米,126.973342,45.539257,黑龙江省,哈尔滨市,阿城区,黑龙江省
B0FFGET6R6,森马(太平洋商厦一店),购物服务;服装鞋帽皮具店;品牌服装店,新疆大街78号太平洋商厦4层,126.633019,45.606375,黑龙江省,哈尔滨市,平房区,黑龙江省
B0FFG7QZLY,森马(人民大街店),购物服务;服装鞋帽皮具店;品牌服装店,人民大街与太平路交叉口西北50米,127.402585,46.081385,黑龙江省,哈尔滨市,巴彦县,黑龙江省
B0FFG7QX5B,森马(宾州西路),购物服务;服装鞋帽皮具店;品牌服装店,宾州西路农业银行左侧,127.483975,45.757503,黑龙江省,哈尔滨市,宾县,黑龙江省
B0FFG73NTF,森马(哈尔滨亚布力和平路一店),购物服务;服装鞋帽皮具店;品牌服装店,亚布力风景区和平路(亚布力房地产交易中心北),128.610277,44.930910,黑龙江省,哈尔滨市,尚志市,黑龙江省
B0FFF2OF7Z,森马(裕民街),购物服务;服装鞋帽皮具店;服装鞋帽皮具店,周家街道C042周家客运站西150米,126.662947,45.460560,黑龙江省,哈尔滨市,双城区,黑龙江省
B01C31C6BS,森马(苇河华宇商场一店),购物服务;服装鞋帽皮具店;品牌服装店,苇河镇华宇商场楼下,128.381930,44.959140,黑龙江省,哈尔滨市,尚志市,黑龙江省
B01C31BN6M,森马(通江路),购物服务;服装鞋帽皮具店;品牌服装店,工程路与通江街交叉口南150米,129.252969,46.005099,黑龙江省,哈尔滨市,方正县,黑龙江省
B01C3180AP,森马(哈尔滨安埠商厦折扣店),购物服务;服装鞋帽皮具店;品牌服装店,延福街245号安埠商厦1层,126.693516,45.726721,黑龙江省,哈尔滨市,香坊区,黑龙江省
B01C317KVE,森马(山河镇卫生院东),购物服务;服装鞋帽皮具店;品牌服装店,山河镇山河大街200号,127.210569,44.710456,黑龙江省,哈尔滨市,五常市,黑龙江省
B01C317CI9,森马(建设大街店),购物服务;服装鞋帽皮具店;品牌服装店,建设大街663号,127.157377,44.917300,黑龙江省,哈尔滨市,五常市,黑龙江省
B01C30LGXZ,森马(哈尔滨市呼兰区地方志办公室北),购物服务;服装鞋帽皮具店;品牌服装店,南大街243附近,126.602233,45.982600,黑龙江省,哈尔滨市,呼兰区,黑龙江省
B01C30LG1I,森马(哈尔滨依兰老政府街一店),购物服务;服装鞋帽皮具店;品牌服装店,光明街24号附近,129.563859,46.316743,黑龙江省,哈尔滨市,依兰县,黑龙江省
B01C31AR0F,森马(普段着店),购物服务;服装鞋帽皮具店;品牌服装店,中央大街248号森马店,128.833309,45.837520,黑龙江省,哈尔滨市,方正县,黑龙江省
B0FFL7APL5,南岗建设街67号森马,购物服务;服装鞋帽皮具店;服装鞋帽皮具店,建设街69号,126.644115,45.759586,黑龙江省,哈尔滨市,南岗区,黑龙江省
B0FFL7EETU,森马,购物服务;服装鞋帽皮具店;服装鞋帽皮具店,桥北弘阳广场C馆二楼,118.724906,32.139057,江苏省,南京市,浦口区,江苏省
B0FFL7CMZ8,森马,购物服务;服装鞋帽皮具店;服装鞋帽皮具店,长乐路132号一楼临街,118.790031,32.016001,江苏省,南京市,秦淮区,江苏省
B0FFKR4SEM,森马,购物服务;服装鞋帽皮具店;品牌服装店,箍桶巷43号1幢附近,118.788860,32.015802,江苏省,南京市,秦淮区,江苏省
B0FFKAZYVM,森马(太平商场),购物服务;服装鞋帽皮具店;服装鞋帽皮具店,太平南路279号太平商场F4层,118.792511,32.032926,江苏省,南京市,秦淮区,江苏省
B0FFHDU03C,森马(卓冉瞻园奥特莱斯),购物服务;服装鞋帽皮具店;品牌服装店,詹园路9号卓冉瞻园奥特莱斯1F层,118.787344,32.019242,江苏省,南京市,秦淮区,江苏省
B0FFG4B2KF,森马(新医路店),购物服务;服装鞋帽皮具店;品牌服装店,上元二街325号,118.847041,31.953556,江苏省,南京市,江宁区,江苏省
B0FFFPLW1A,森马(卓冉瞻园奥特莱斯店),购物服务;服装鞋帽皮具店;品牌服装店,贡院街139号,118.787392,32.019254,江苏省,南京市,秦淮区,江苏省
B0FFF61TEC,森马(迈皋桥店),购物服务;服装鞋帽皮具店;品牌服装店,和燕路348号沃尔玛1层,118.812010,32.106796,江苏省,南京市,栖霞区,江苏省
B0FFF3KY2I,森马(新百店),购物服务;服装鞋帽皮具店;品牌服装店,中山南路3号南京新百6楼(近新街口地铁站),118.785736,32.040138,江苏省,南京市,秦淮区,江苏省
B001911RAE,森马(贡院西街),购物服务;服装鞋帽皮具店;品牌服装店,夫子庙贡院西街48号,118.789118,32.021942,江苏省,南京市,秦淮区,江苏省
B00190CYRN,森马(先锋奥特莱斯商场店),购物服务;服装鞋帽皮具店;品牌服装店,中央路417号先锋奥特莱斯商场F2层,118.783015,32.087482,江苏省,南京市,鼓楼区,江苏省
B001909O85,森马(贡院街店),购物服务;服装鞋帽皮具店;品牌服装店,南京夫子庙-秦淮风光带贡院街99-2号,118.790537,32.020579,江苏省,南京市,秦淮区,江苏省
B0FFFZU7IZ,森马(诚信大道店),购物服务;服装鞋帽皮具店;品牌服装店,诚信大道990号,118.834141,31.908977,江苏省,南京市,江宁区,江苏省
B0FFJONOPK,森马(南京大厂鑫乐广场店),购物服务;服装鞋帽皮具店;品牌服装店,新华路138号鑫乐生活广场2层,118.747101,32.222211,江苏省,南京市,六合区,江苏省
B0FFH6UM4I,森马(慕斯荟店),购物服务;服装鞋帽皮具店;品牌服装店,浦珠南路26号MS慕斯荟F2层,118.646621,32.074121,江苏省,南京市,浦口区,江苏省
B0FFG022D4,森马(新医路店),购物服务;服装鞋帽皮具店;品牌服装店,步行街2幢,118.845677,31.952944,江苏省,南京市,江宁区,江苏省
B0FFFDGM4P,森马(澳林广场店),购物服务;服装鞋帽皮具店;品牌服装店,浦珠北路126号澳林购物广场1层,118.698956,32.112975,江苏省,南京市,浦口区,江苏省
B0FFFA2ACQ,森马(文鼎广场店),购物服务;服装鞋帽皮具店;品牌服装店,格致路99号文鼎广场七栋F1层,118.898694,31.915262,江苏省,南京市,江宁区,江苏省
B0FFF5TJCY,森马(富腾奥特莱斯商场),购物服务;服装鞋帽皮具店;品牌服装店,金箔路138号富腾奥特莱斯商场F1层,118.851632,31.949455,江苏省,南京市,江宁区,江苏省
B00190AJIC,森马(金年华广场店),购物服务;服装鞋帽皮具店;品牌服装店,新华路528号金年华广场F3层,118.764146,32.231865,江苏省,南京市,六合区,江苏省
B001908HTB,森马(凤凰大街),购物服务;服装鞋帽皮具店;品牌服装店,凤凰大街11-2号(南京市浦口区卫生局东南),118.625927,32.057873,江苏省,南京市,浦口区,江苏省
B001905NLH,森马(达家巷店),购物服务;服装鞋帽皮具店;品牌服装店,长江路15-4号,118.840849,32.342469,江苏省,南京市,六合区,江苏省
B0FFL2IBS0,森马,购物服务;服装鞋帽皮具店;品牌服装店,南渠北路89号附近,119.938175,30.272830,浙江省,杭州市,余杭区,浙江省
B0FFJHJOUG,森马,购物服务;服装鞋帽皮具店;服装鞋帽皮具店,世纪联华负一楼,120.120728,30.308498,浙江省,杭州市,拱墅区,浙江省
B0FFGIZ2ED,森马,购物服务;服装鞋帽皮具店;服装鞋帽皮具店,江城路紫阳街道558号世纪联华超市一楼,120.175979,30.234716,浙江省,杭州市,上城区,浙江省
B0FFG97HWA,森马,购物服务;服装鞋帽皮具店;服装鞋帽皮具店,锦衣直街与锦衣街交叉口东南100米,120.275410,30.317900,浙江省,杭州市,江干区,浙江省
B0FFFZ7WAI,森马(文一路物美店),购物服务;服装鞋帽皮具店;品牌服装店,文一路298号物美大卖场1层,120.122590,30.288030,浙江省,杭州市,西湖区,浙江省
B0FFFFZBV4,森马(延安路一店),购物服务;服装鞋帽皮具店;品牌服装店,延安路292号杭州工联精品服饰城1层292-1,120.164276,30.255115,浙江省,杭州市,上城区,浙江省
B023B09UAH,森马(延安路一店),购物服务;服装鞋帽皮具店;品牌服装店,延安路236号,120.164452,30.251075,浙江省,杭州市,上城区,浙江省
B0FFG87CP9,森马(高沙物美店),购物服务;服装鞋帽皮具店;品牌服装店,金沙大道201号物美大卖场1层,120.334708,30.308591,浙江省,杭州市,江干区,浙江省
B023B0BQLR,森马(杭州延安路特卖店),购物服务;服装鞋帽皮具店;品牌服装店,创新路与天竺路交叉口东150米,120.150772,30.169483,浙江省,杭州市,滨江区,浙江省
B0FFIMJIEZ,森马(西溪印象城),购物服务;服装鞋帽皮具店;品牌服装店,五常大道1号西溪印象城L2层,120.051663,30.248082,浙江省,杭州市,余杭区,浙江省
B0FFG8FX11,森马(杭州良渚玉琮路店),购物服务;服装鞋帽皮具店;品牌服装店,良渚镇玉琮路91号,120.052555,30.379226,浙江省,杭州市,余杭区,浙江省
B0FFJO2A9Y,森马(九堡新天地广场店),购物服务;服装鞋帽皮具店;品牌服装店,杭海路1211号九堡新天地广场南楼1层,120.266341,30.311787,浙江省,杭州市,江干区,浙江省
B0FFJ43NJ4,森马(下沙物美店),购物服务;服装鞋帽皮具店;品牌服装店,4号大街物美大卖场下沙店1层,120.346963,30.306340,浙江省,杭州市,江干区,浙江省
B0FFJ3XST9,森马(九堡物美店),购物服务;服装鞋帽皮具店;品牌服装店,九堡镇九环路48号九堡物美店1层,120.264266,30.321450,浙江省,杭州市,江干区,浙江省
B0FFJ3SNDM,森马(望江物美店),购物服务;服装鞋帽皮具店;品牌服装店,望江东路333号物美超市望江东路店,120.191287,30.228511,浙江省,杭州市,上城区,浙江省
B0FFIWV4PR,森马(萧山宝龙广场店),购物服务;服装鞋帽皮具店;品牌服装店,建设一路200号宝龙广场1F层,120.253152,30.196092,浙江省,杭州市,萧山区,浙江省
B0FFIP10FA,森马(乔中路),购物服务;服装鞋帽皮具店;品牌服装店,乔司物美一楼,120.283082,30.347235,浙江省,杭州市,余杭区,浙江省
B0FFI7U6FF,森马(星光国际广场2幢),购物服务;服装鞋帽皮具店;服装鞋帽皮具店,江南大道228号星光国际广场2幢B1层,120.209254,30.207575,浙江省,杭州市,滨江区,浙江省
B0FFHIO2W3,森马(新安大街店),购物服务;服装鞋帽皮具店;品牌服装店,千岛湖风景区新安大街63-3号,119.043096,29.605518,浙江省,杭州市,淳安县,浙江省
B0FFHHKWPK,森马(杭州下沙商贸城店),购物服务;服装鞋帽皮具店;品牌服装店,下沙街道下沙商贸城,120.339340,30.306564,浙江省,杭州市,江干区,浙江省
B0FFHH8BQV,森马(杭州凤凰山路一店),购物服务;服装鞋帽皮具店;品牌服装店,凤凰山路445-2号附近,119.939313,30.269571,浙江省,杭州市,余杭区,浙江省
B0FFHC9A3H,森马(杭州三墩二店),购物服务;服装鞋帽皮具店;品牌服装店,厚诚路与灯彩东路交叉口东南50米,120.081524,30.324671,浙江省,杭州市,西湖区,浙江省
B0FFH2T81U,森马(杭州钱江市场店),购物服务;服装鞋帽皮具店;品牌服装店,上塘路456号钱江小商品市场二楼运动馆30号,120.153260,30.302663,浙江省,杭州市,拱墅区,浙江省
B0FFH2PJJ8,森马(金海城购物中心店),购物服务;服装鞋帽皮具店;品牌服装店,杭海路878号金海城A座1层,120.267081,30.308568,浙江省,杭州市,江干区,浙江省
B0FFGVWJ2H,森马(华荣城店),购物服务;服装鞋帽皮具店;品牌鞋店,博卡路16号物美超市二楼,120.284436,30.345213,浙江省,杭州市,余杭区,浙江省
B0FFGKM7VF,森马(浦沿路),购物服务;服装鞋帽皮具店;品牌服装店,浦沿路773号物美大卖场1层,120.145953,30.172632,浙江省,杭州市,滨江区,浙江省
B0FFGIEFX8,森马(西城广场),购物服务;服装鞋帽皮具店;品牌服装店,文二西路551号西城广场BF层,120.094952,30.280296,浙江省,杭州市,西湖区,浙江省
B0FFG8HG9T,森马(下沙10号大街1店),购物服务;服装鞋帽皮具店;品牌服装店,下沙10号大街63号,120.386498,30.297282,浙江省,杭州市,江干区,浙江省
B0FFG8HCZR,森马(西小河街店),购物服务;服装鞋帽皮具店;品牌服装店,西小河街64号,120.188401,30.477445,浙江省,杭州市,余杭区,浙江省
B0FFG03GZ8,森马(香积寺二店),购物服务;服装鞋帽皮具店;品牌服装店,香积寺路78-1号,120.171393,30.307707,浙江省,杭州市,下城区,浙江省
B0FFFZPL6W,森马(浙江省新华医院分院西北),购物服务;服装鞋帽皮具店;品牌服装店,莫干山路1670-1674号,120.085321,30.354483,浙江省,杭州市,余杭区,浙江省
B0FFFZC38J,森马(乔司大井店),购物服务;服装鞋帽皮具店;品牌服装店,乔司街道大井农贸市场小芳超市对面,120.256126,30.349719,浙江省,杭州市,余杭区,浙江省
B0FFFYV7MS,森马(丽水路),购物服务;服装鞋帽皮具店;品牌服装店,运河广场联华超市B1层,120.140854,30.317975,浙江省,杭州市,拱墅区,浙江省
B0FFFSRU5F,森马(绿城丽江公寓北),购物服务;服装鞋帽皮具店;品牌服装店,下沙路,120.281177,30.299763,浙江省,杭州市,江干区,浙江省
B0FFFDMOVQ,森马(莱蒙商业中心),购物服务;服装鞋帽皮具店;品牌服装店,临平街道藕花洲大街303号莱蒙商业中心F2层,120.298027,30.414948,浙江省,杭州市,余杭区,浙江省
B0FFFCTKRW,森马(福雷德广场),购物服务;服装鞋帽皮具店;品牌服装店,文泽路99号福雷德广场1F层109-1/2,120.347040,30.317119,浙江省,杭州市,江干区,浙江省
B0FFFA3PX8,森马(为民路店),购物服务;服装鞋帽皮具店;品牌服装店,瓜沥镇党山为民路50号,120.524591,30.160912,浙江省,杭州市,萧山区,浙江省
B0FFF6ZR8K,森马(临平店),购物服务;服装鞋帽皮具店;品牌服装店|购物服务;服装鞋帽皮具店;品牌鞋店,临平九曲营路15号,120.301909,30.424868,浙江省,杭州市,余杭区,浙江省
B023B1DMEL,森马(三墩店),购物服务;服装鞋帽皮具店;品牌服装店,三墩街233-235号,120.085880,30.321195,浙江省,杭州市,西湖区,浙江省
B023B197M4,森马(临江路店),购物服务;服装鞋帽皮具店;品牌服装店,临江路1-3号,120.250820,30.040288,浙江省,杭州市,萧山区,浙江省
B023B196G8,森马(西小河路),购物服务;服装鞋帽皮具店;服装鞋帽皮具店,西小河路267号,120.184497,30.474707,浙江省,杭州市,余杭区,浙江省
B023B18BNN,森马(保庆街店),购物服务;服装鞋帽皮具店;品牌服装店,保庆街50号,120.291391,30.352337,浙江省,杭州市,余杭区,浙江省
B023B14OP2,森马(杭州浦江福泰隆店),购物服务;服装鞋帽皮具店;品牌服装店,福泰隆广场一楼步行街F058号,120.051785,30.378060,浙江省,杭州市,余杭区,浙江省
B023B14DYM,森马(义蓬路店),购物服务;服装鞋帽皮具店;品牌服装店,义蓬路213号,120.488391,30.256147,浙江省,杭州市,萧山区,浙江省
B023B14562,森马(杭州瓶窑店),购物服务;服装鞋帽皮具店;品牌服装店,瓶窑镇凤溪路237-239号,119.975389,30.390210,浙江省,杭州市,余杭区,浙江省
B023B142WP,森马(杭州半山店),购物服务;服装鞋帽皮具店;品牌服装店,半山街道半山路38号,120.188539,30.350094,浙江省,杭州市,拱墅区,浙江省
B023B13OHQ,森马(萧然大厦北),购物服务;服装鞋帽皮具店;品牌服装店,萧山市心广场F座1009-1011号(近萧绍路),120.269519,30.163561,浙江省,杭州市,萧山区,浙江省
B023B09W9X,森马(杭州香积寺店),购物服务;服装鞋帽皮具店;品牌服装店,香积寺东路87号,120.179092,30.308583,浙江省,杭州市,下城区,浙江省
B023B07HXZ,森马(航坞路店),购物服务;服装鞋帽皮具店;品牌服装店,瓜沥镇航坞路313号,120.455827,30.174553,浙江省,杭州市,萧山区,浙江省
B0FFIPPFGY,森马,购物服务;购物相关场所;购物相关场所,新站区磨店学府路与梦溪路交口黉街商业广场6栋,117.389934,31.932991,安徽省,合肥市,瑶海区,安徽省
B0FFHQSR8P,森马,购物服务;服装鞋帽皮具店;品牌服装店,槐林镇槐林路中国移动槐林指定专营店,117.612172,31.420486,安徽省,合肥市,巢湖市,安徽省
B0FFHFSQJ9,森马,购物服务;服装鞋帽皮具店;品牌服装店,中心城38号楼120-121号,117.290893,31.244466,安徽省,合肥市,庐江县,安徽省
B0FFKB7X3Q,森马(星达城购物中心店),购物服务;服装鞋帽皮具店;品牌服装店,经开区丹霞路星达城二楼,117.211487,31.775414,安徽省,合肥市,蜀山区,安徽省
B0FFJJ7U9F,森马(砂之船奥特莱斯店),购物服务;服装鞋帽皮具店;服装鞋帽皮具店,长宁大道1888号砂之船奥特莱斯B座2层,117.116651,31.837444,安徽省,合肥市,蜀山区,安徽省
B0FFHH38AL,森马(港澳广场),购物服务;服装鞋帽皮具店;品牌服装店,翡翠路与芙蓉路交口往北50米处港澳广场L1层,117.208096,31.790924,安徽省,合肥市,蜀山区,安徽省
B02270HZSY,森马(海亚相府花园东南),购物服务;服装鞋帽皮具店;品牌服装店,北含山路与淮河路步行街交叉口东100米,117.293508,31.864387,安徽省,合肥市,庐阳区,安徽省
B022701EW9,森马(淮河路店),购物服务;服装鞋帽皮具店;品牌服装店,长江中路136号青云服饰广场1楼,117.291859,31.864044,安徽省,合肥市,庐阳区,安徽省
B0FFJ8STXK,森马(世纪金源购物中心店),购物服务;服装鞋帽皮具店;品牌服装店,蒙城北路与双墩路交叉口世纪金源购物中心F2,117.245080,32.004610,安徽省,合肥市,长丰县,安徽省
B0FFJ7XX0U,森马(瑶海保利广场店),购物服务;服装鞋帽皮具店;服装鞋帽皮具店,新安江路与郎溪路交叉口瑶海保利广场1层,117.358245,31.859202,安徽省,合肥市,瑶海区,安徽省
B0FFFZ6QWS,森马(合肥肥西步行街一店),购物服务;服装鞋帽皮具店;品牌服装店,上派镇巢湖中路百大拓基广场4楼,117.169277,31.722241,安徽省,合肥市,肥西县,安徽省
B0FFF2AQZV,森马(合肥肥东一店),购物服务;服装鞋帽皮具店;品牌服装店,公园路与唐杨路交叉口东南100米,117.468847,31.886519,安徽省,合肥市,肥东县,安徽省
B02350OC2S,森马(巢湖人民路二店),购物服务;服装鞋帽皮具店;品牌服装店,人民路17-10号,117.868334,31.598903,安徽省,合肥市,巢湖市,安徽省
B0227165OY,森马(荃湖路店),购物服务;服装鞋帽皮具店;品牌服装店,文忠路与永红巷交叉口东南150米,117.380088,31.938824,安徽省,合肥市,瑶海区,安徽省
B02270JPE0,森马(新华街店),购物服务;服装鞋帽皮具店;品牌服装店,新华街与巢湖路南50米,117.169347,31.722225,安徽省,合肥市,肥西县,安徽省
B02270332O,森马(长丰路店),购物服务;服装鞋帽皮具店;品牌服装店,长丰路大洋大厦东侧,117.168461,32.478029,安徽省,合肥市,长丰县,安徽省
B0FFGNLKN5,森马(合肥庐江盛桥一店),购物服务;服装鞋帽皮具店;品牌服装店,盛桥镇森马专卖店,117.497824,31.390289,安徽省,合肥市,庐江县,安徽省
B0FFGXWRTL,森马(家天下生活广场),购物服务;服装鞋帽皮具店;品牌服装店,铜陵北路与扶疏路交汇处家天下生活广场F2层,117.326238,31.894996,安徽省,合肥市,瑶海区,安徽省
B0FFHLQZRT,森马,购物服务;服装鞋帽皮具店;品牌服装店,南通镇天泽奥莱时代B区,119.266911,25.971456,福建省,福州市,闽侯县,福建省
B0FFIGA6TK,森马(世欧广场店),购物服务;服装鞋帽皮具店;品牌服装店,长河路88号世欧广场南区2层天虹百货,119.326838,26.069373,福建省,福州市,晋安区,福建省
B0FFGD8G11,森马(爱琴海购物公园),购物服务;服装鞋帽皮具店;服装鞋帽皮具店,金山街道浦上大道198号爱琴海购物公园B1层,119.279291,26.040763,福建省,福州市,仓山区,福建省
B024F0TTIW,森马(福州市台江区牙病防治院东北),购物服务;服装鞋帽皮具店;品牌服装店,八一七南路74号,119.310112,26.052228,福建省,福州市,台江区,福建省
B0FFKTDT92,森马(东百永嘉店),购物服务;服装鞋帽皮具店;服装鞋帽皮具店,国宾大道268号东百城永嘉天地负一层,119.200813,26.069176,福建省,福州市,闽侯县,福建省
B024F0X96N,森马(江阴镇店),购物服务;服装鞋帽皮具店;品牌服装店,201省道东100米,119.321206,25.454201,福建省,福州市,福清市,福建省
B024F045ZU,森马(胪峰居卫生所东南),购物服务;服装鞋帽皮具店;品牌服装店,金峰镇胪峰大道兴业银行东南50米,119.628905,25.977203,福建省,福州市,长乐区,福建省
B0FFKDE4EU,森马(后埔街街心店),购物服务;购物相关场所;购物相关场所,后埔街海韵大厦1层5号,119.382815,25.720268,福建省,福州市,福清市,福建省
B0FFGYDHCC,森马(则徐大道店),购物服务;服装鞋帽皮具店;品牌服装店,则徐大道379号商贸购物中心2层,119.334750,26.027259,福建省,福州市,仓山区,福建省
B0FFG7VVAE,森马(博仕后时代购物广场店),购物服务;服装鞋帽皮具店;品牌服装店,上街镇大学城国宾大道233号博仕后购物广场3号2号楼一层114区位,119.202921,26.067588,福建省,福州市,闽侯县,福建省
B0FFG2T26O,森马(台江路),购物服务;服装鞋帽皮具店;品牌服装店,台江路95号东百元洪购物广场B1层,119.316989,26.052624,福建省,福州市,台江区,福建省
B024F0VTBL,森马(元洪城旗舰店),购物服务;服装鞋帽皮具店;品牌服装店,台江路93-1号,119.316221,26.052539,福建省,福州市,台江区,福建省
B024F045ZX,森马(资圣路店),购物服务;服装鞋帽皮具店;品牌服装店,胜利路步行街87号(近资圣路),119.521937,25.959873,福建省,福州市,长乐区,福建省
B024F045ZT,森马(君竹路),购物服务;服装鞋帽皮具店;品牌服装店,君竹路君竹明居5栋,119.456687,25.990503,福建省,福州市,马尾区,福建省
B024F045ZS,森马(玉荷西路店),购物服务;服装鞋帽皮具店;品牌服装店,玉荷西路9号,119.539777,26.196710,福建省,福州市,连江县,福建省
B0FFKP11N3,森马,购物服务;服装鞋帽皮具店;品牌服装店,红谷八路北路139号附近,115.843230,28.675778,江西省,南昌市,东湖区,江西省
B0FFILB1EM,森马,购物服务;服装鞋帽皮具店;品牌服装店,小蓝经济开发区金沙大道新力都荟二楼,115.893503,28.584558,江西省,南昌市,南昌县,江西省
B0FFJNEA04,森马,购物服务;服装鞋帽皮具店;品牌服装店,永强南路南100米,115.742763,28.629789,江西省,南昌市,新建区,江西省
B0FFIN47QP,森马(梦时代广场店),购物服务;服装鞋帽皮具店;品牌服装店,北京东路308号梦时代广场F1,115.939560,28.672309,江西省,南昌市,青山湖区,江西省
B0FFHHCSE9,森马(下罗店),购物服务;服装鞋帽皮具店;品牌服装店,枫林大道与紫荆路商业步行街交叉口南150米,115.833727,28.733343,江西省,南昌市,青山湖区,江西省
B0FFG8729K,森马(新建区新时代广场一店),购物服务;服装鞋帽皮具店;品牌服装店,长堎镇新时代购物广场n栋北1号,115.827039,28.681414,江西省,南昌市,新建区,江西省
B0FFF4I9HE,森马(南昌青花艺术宾馆东北),购物服务;服装鞋帽皮具店;品牌服装店,庐山中大道279号,115.852525,28.742279,江西省,南昌市,青山湖区,江西省
B03170RM5X,森马(南昌时代广场北),购物服务;服装鞋帽皮具店;品牌服装店,民德路南昌时代广场写字楼1层,115.888022,28.677709,江西省,南昌市,东湖区,江西省
B031705CN2,森马(南昌市科技大楼西南),购物服务;服装鞋帽皮具店;品牌服装店,中山路102号附近,115.899318,28.675029,江西省,南昌市,西湖区,江西省
B0FFG3ECDG,森马(南昌时代广场北),购物服务;服装鞋帽皮具店;品牌服装店,胜利路步行街187号森马专卖店,115.887903,28.678641,江西省,南昌市,东湖区,江西省
B0FFG9VING,森马(子羽路店),购物服务;服装鞋帽皮具店;品牌服装店,胜利中路中国邮政储蓄银行旁(近岚湖路),116.265254,28.365104,江西省,南昌市,进贤县,江西省
B0FFG851YX,森马(紫阳大道店),购物服务;服装鞋帽皮具店;品牌服装店,紫阳大道182号附近,116.010522,28.672953,江西省,南昌市,南昌县,江西省
B03170RWV1,森马(安义县经济贸易委员会东),购物服务;服装鞋帽皮具店;品牌服装店,前进路389号附近,115.551751,28.840439,江西省,南昌市,安义县,江西省
B0FFH9UUOF,森马,购物服务;服装鞋帽皮具店;品牌服装店,济南大学华联生活广场二楼,116.959053,36.619498,山东省,济南市,市中区,山东省
B0FFGEQ5SS,森马,购物服务;专卖店;专营店,区文化北路信誉楼商厦3层,117.678177,36.241243,山东省,济南市,莱芜区,山东省
B0FFH9MRZR,森马(缤纷五洲),购物服务;服装鞋帽皮具店;品牌服装店,济泺路96-1号缤纷五洲F2层,116.995130,36.695604,山东省,济南市,天桥区,山东省
B0FFH1DR6B,森马(新华联购物广场店),购物服务;服装鞋帽皮具店;品牌服装店,原经十西路165号新华联购物广场1层,116.921480,36.653053,山东省,济南市,槐荫区,山东省
B021307J1U,森马(新兴商业街店),购物服务;服装鞋帽皮具店;品牌服装店,商中路与新兴商业街交叉口东150米,117.155125,37.310919,山东省,济南市,商河县,山东省
B0FFL3CLHX,森马(丁豪广场),购物服务;服装鞋帽皮具店;品牌服装店,工业南路44号丁豪广场L1层,117.123416,36.680519,山东省,济南市,历下区,山东省
B0FFGRGNP9,森马(钢都大街店),购物服务;服装鞋帽皮具店;品牌服装店,昌盛路23号附近,117.835761,36.065561,山东省,济南市,钢城区,山东省
B0FFG7O2L9,森马(平阴县建委西南),购物服务;服装鞋帽皮具店;品牌服装店,五岭路13号附近,116.459032,36.286598,山东省,济南市,平阴县,山东省
B0FFG6OJZG,森马(六福商业街),购物服务;服装鞋帽皮具店;品牌服装店,纬二路六福商业街,117.193015,36.976102,山东省,济南市,济阳区,山东省
B0FFG1K4O4,森马(莱钢商业街二店),购物服务;服装鞋帽皮具店;品牌服装店,文化南路8号银座四楼,117.678230,36.212048,山东省,济南市,莱芜区,山东省
B021307OHP,森马(宾谷街店),购物服务;服装鞋帽皮具店;品牌服装店,宾谷街737号,116.749063,36.557032,山东省,济南市,长清区,山东省
B0FFFV5UZG,森马(瓦特路店),购物服务;服装鞋帽皮具店;品牌服装店,长清大学城商业街(山轻工东门对面),116.817913,36.558108,山东省,济南市,长清区,山东省
B027A01CPO,森马(加州步行街店),购物服务;服装鞋帽皮具店;品牌服装店,加州步行街1085号,117.664403,36.203742,山东省,济南市,莱芜区,山东省
B021307I03,森马(山泉路),购物服务;服装鞋帽皮具店;品牌服装店,山泉路香港街中国工商银行西北60米,117.532696,36.711654,山东省,济南市,章丘区,山东省
B0FFJV4PHU,森马,购物服务;服装鞋帽皮具店;服装鞋帽皮具店,大铺村98号附近(沃德花园南),113.671272,34.799160,河南省,郑州市,金水区,河南省
B0FFIMALYN,森马,购物服务;购物相关场所;购物相关场所,未来路赛博数码广场一楼,113.705574,34.761024,河南省,郑州市,金水区,河南省
B0FFJF9XJ0,森马,购物服务;服装鞋帽皮具店;品牌服装店,大学路30号永辉超市一楼,113.644470,34.745649,河南省,郑州市,二七区,河南省
B0FFL7DMLQ,森马,购物服务;服装鞋帽皮具店;服装鞋帽皮具店,龙湖锦艺城二楼,113.726265,34.613733,河南省,郑州市,新郑市,河南省
B0FFL5AYYQ,森马,购物服务;服装鞋帽皮具店;品牌服装店,莲花街辅路,113.532141,34.826392,河南省,郑州市,中原区,河南省
B0FFL1SHPJ,森马,购物服务;专卖店;专营店,盛和街,113.771623,34.775605,河南省,郑州市,金水区,河南省
B0FFK8DY5T,森马,购物服务;服装鞋帽皮具店;品牌服装店,十里铺路15-3附近,113.617587,34.769876,河南省,郑州市,中原区,河南省
B0FFJYA98Y,森马,购物服务;服装鞋帽皮具店;品牌服装店,经南一路74号附近,113.753020,34.718254,河南省,郑州市,管城回族区,河南省
B0FFJ08SNY,森马,购物服务;服装鞋帽皮具店;服装鞋帽皮具店,双湖大道龙湖万佳商场一楼,113.716141,34.611801,河南省,郑州市,新郑市,河南省
B0FFIB7500,森马,购物服务;服装鞋帽皮具店;品牌服装店,012县道北50米,113.760774,34.668156,河南省,郑州市,管城回族区,河南省
B0FFI5D9T5,森马,购物服务;服装鞋帽皮具店;品牌服装店,同兴街与曙光路交叉口东50米,113.527241,34.707316,河南省,郑州市,二七区,河南省
B0FFHG366B,森马,购物服务;服装鞋帽皮具店;品牌服装店,航海路中州大道富田太阳城主流前线时尚百货B1层,113.715945,34.723843,河南省,郑州市,管城回族区,河南省
B0FFK8FJ9Q,森马(万达广场店),购物服务;服装鞋帽皮具店;品牌服装店,大学南路8号万达广场二七金街1层,113.642357,34.717122,河南省,郑州市,二七区,河南省
B0FFGKGUJV,森马(步行街店),购物服务;服装鞋帽皮具店;品牌服装店,西大街与延陵街交叉口,113.668024,34.751357,河南省,郑州市,二七区,河南省
B0FFG875FW,森马(郑州管城市场街一店),购物服务;服装鞋帽皮具店;品牌服装店,德化步行商业街与苑陵街交叉口东北50米,113.665472,34.750720,河南省,郑州市,二七区,河南省
B0FFF90115,森马(盛和街),购物服务;服装鞋帽皮具店;品牌服装店,祭城镇心怡路与畅和街交叉口西100米路北大旺城购物中心附近,113.769317,34.779747,河南省,郑州市,金水区,河南省
B017316RTU,森马(郑州二七百年德化街三店),购物服务;服装鞋帽皮具店;品牌服装店,德化街100号百年德化风情购物公园B1层A001,113.665458,34.750709,河南省,郑州市,二七区,河南省
B0FFGG5OBQ,森马(河南运营中心店),购物服务;服装鞋帽皮具店;品牌鞋店,京广路新圃西街150号,113.658999,34.723476,河南省,郑州市,二七区,河南省
B0FFFRMD0M,森马(郑州冉屯二店),购物服务;服装鞋帽皮具店;品牌服装店,洲海路西50米,113.604285,34.779563,河南省,郑州市,中原区,河南省
B01731A8AF,森马(宏图街),购物服务;服装鞋帽皮具店;品牌服装店,[],113.731920,34.752173,河南省,郑州市,金水区,河南省
B017319VRU,森马(登封路),购物服务;服装鞋帽皮具店;品牌服装店,登封路42号附近,113.296714,34.802980,河南省,郑州市,上街区,河南省
B0FFK6N8FY,森马(CCmall大摩西元广场店),购物服务;服装鞋帽皮具店;品牌服装店,西元国际一楼,113.601477,34.758114,河南省,郑州市,中原区,河南省
B0FFHOMXBW,Semir(惠济万达广场),购物服务;服装鞋帽皮具店;品牌服装店,文化北路与开元路交汇处向西300米惠济万达广场F3层,113.635396,34.869045,河南省,郑州市,惠济区,河南省
B0FFHIH12N,森马(乐尚天地生活广场),购物服务;服装鞋帽皮具店;品牌服装店,经南三路与经开第五大街交叉口乐尚天地生活广场F2层,113.755111,34.714068,河南省,郑州市,管城回族区,河南省
B0FFHGWV1I,森马(华盛奥特莱斯店),购物服务;服装鞋帽皮具店;品牌服装店,环西路华盛奥特莱斯1层附近,113.727832,34.604486,河南省,郑州市,新郑市,河南省
B0FFHCSJ5D,森马(长江中路店),购物服务;服装鞋帽皮具店;品牌服装店,长江路街道长江路兴华南街交叉口路西20米,113.632274,34.710220,河南省,郑州市,二七区,河南省
B0FFGIP8PX,森马(郑州中牟青年路三店),购物服务;服装鞋帽皮具店;品牌服装店,青年路(自由街卫生所南),114.024566,34.724056,河南省,郑州市,中牟县,河南省
B0FFG7VVSM,森马(炎黄小区西南),购物服务;服装鞋帽皮具店;品牌服装店,新建路街道文化路炎黄广场西侧,113.735958,34.394219,河南省,郑州市,新郑市,河南省
B0FFG3GT6C,森马(郑港七路店),购物服务;服装鞋帽皮具店;品牌服装店,郑港七路与郑港四街交叉口东150米,113.860638,34.562886,河南省,郑州市,中牟县,河南省
B0FFFW9A2R,森马(富士康沃金商业广场店),购物服务;服装鞋帽皮具店;品牌服装店,郑港四街富士康沃金商业广场1层,113.858232,34.560659,河南省,郑州市,中牟县,河南省
B0FFFW364R,森马(郑牟东路),购物服务;服装鞋帽皮具店;品牌服装店,郑牟东路85号附近,113.848333,34.682451,河南省,郑州市,中牟县,河南省
B0FFFTN4O0,森马(南门),通行设施;建筑物门;建筑物门,延陵街与彩虹路交叉口西北50米,113.667890,34.751250,河南省,郑州市,二七区,河南省
B0FFF5TW6V,森马(自由街卫生所南),购物服务;服装鞋帽皮具店;品牌服装店,青年路中牟宾馆1层,114.027681,34.723704,河南省,郑州市,中牟县,河南省
B0FFF3J4M6,森马(郑州三全路店),购物服务;服装鞋帽皮具店;品牌服装店,德化街100号百年德化风情购物公园1F层B区181,113.665394,34.749921,河南省,郑州市,二七区,河南省
B01731A8YU,森马(郑港七路),购物服务;服装鞋帽皮具店;品牌服装店,郑港七路10号附近,113.866132,34.563266,河南省,郑州市,中牟县,河南省
B0173186BB,森马(逸泉小区西北),购物服务;服装鞋帽皮具店;品牌服装店,城南曹乡尚庄村,113.711870,34.705428,河南省,郑州市,管城回族区,河南省
B017316BBE,森马(郑州佛岗镇一店),购物服务;服装鞋帽皮具店;品牌服装店,连云路99-34号,113.671088,34.694617,河南省,郑州市,二七区,河南省
B01730JG6C,森马(登封西商埠街一店),购物服务;服装鞋帽皮具店;品牌服装店,中岳大街与光明路交叉口西北100米,113.037449,34.458719,河南省,郑州市,登封市,河南省
B0FFGW0AZX,粤海森马店,购物服务;服装鞋帽皮具店;服装鞋帽皮具店,德化步行商业街与汉川街交叉口西南50米,113.666465,34.748808,河南省,郑州市,二七区,河南省
B0FFKATMBF,森马,购物服务;服装鞋帽皮具店;品牌服装店,江汉路步行街与鄱阳街交叉口东50米,114.294704,30.578491,湖北省,武汉市,江汉区,湖北省
B0FFK23U7N,森马,购物服务;服装鞋帽皮具店;服装鞋帽皮具店,全国服装贸易中心3层,114.271754,30.617800,湖北省,武汉市,江汉区,湖北省
B0FFKT5INH,森马,购物服务;服装鞋帽皮具店;服装鞋帽皮具店,南湖都市桃源,114.318533,30.504750,湖北省,武汉市,武昌区,湖北省
B0FFK909I5,森马,购物服务;服装鞋帽皮具店;服装鞋帽皮具店,沌口街街道经济开发区经开万达二楼,114.175011,30.508327,湖北省,武汉市,蔡甸区,湖北省
B0FFK7KGRA,森马,购物服务;服装鞋帽皮具店;品牌服装店,四台四路,114.149832,30.578026,湖北省,武汉市,汉阳区,湖北省
B0FFHQA2CV,森马(鲁巷广场购物中心),购物服务;服装鞋帽皮具店;品牌服装店,珞喻路726号鲁巷广场购物中心F3层,114.395500,30.506213,湖北省,武汉市,洪山区,湖北省
B0FFHFQ7JE,森马(万隆广场店),购物服务;服装鞋帽皮具店;品牌服装店,白沙洲大道404号武汉万隆广场2层,114.304038,30.519304,湖北省,武汉市,武昌区,湖北省
B0FFHEJCOP,森马(南国南湖城市广场),购物服务;服装鞋帽皮具店;品牌服装店,丁字桥南路520号南国南湖城市广场F1层,114.324802,30.505963,湖北省,武汉市,武昌区,湖北省
B0FFHCTLE8,森马(中商徐东平价广场),购物服务;服装鞋帽皮具店;品牌服装店,徐东大街7号中商徐东平价广场F2层,114.345218,30.589716,湖北省,武汉市,洪山区,湖北省
B0FFG6GHWM,森马(步行街店),购物服务;服装鞋帽皮具店;品牌服装店,江汉路86号,114.292440,30.580234,湖北省,武汉市,江汉区,湖北省
B001B1C31F,森马(纽宾凯润丰国际酒店南),购物服务;服装鞋帽皮具店;品牌服装店,民族大道与民院路交叉口西北50米,114.397105,30.495127,湖北省,武汉市,洪山区,湖北省
B001B16HI6,森马(江汉一路店),购物服务;服装鞋帽皮具店;品牌服装店,中山大道561附4号,114.291181,30.581003,湖北省,武汉市,江汉区,湖北省
B001B0AAT5,森马(司门口店),购物服务;服装鞋帽皮具店;品牌服装店,解放路439号(三福百货对面),114.298881,30.544535,湖北省,武汉市,武昌区,湖北省
B0FFL008EZ,森马(百联奥特莱斯广场),购物服务;服装鞋帽皮具店;品牌服装店,盘龙城盘龙大道51号百联奥特莱斯广场2F层,114.257209,30.732925,湖北省,武汉市,黄陂区,湖北省
B0FFL008EM,森马(百联奥特莱斯广场),购物服务;服装鞋帽皮具店;品牌服装店,盘龙城盘龙大道51号百联奥特莱斯广场1F层,114.257194,30.732939,湖北省,武汉市,黄陂区,湖北省
B0FFK8EMRJ,森马(老正街店),购物服务;服装鞋帽皮具店;品牌服装店,中百仓储一楼,114.550896,30.705458,湖北省,武汉市,新洲区,湖北省
B0FFK66F8Y,森马(南湖时尚城店),购物服务;服装鞋帽皮具店;品牌服装店,南湖大道116号南湖时尚城K4b栋1层,114.386760,30.477309,湖北省,武汉市,洪山区,湖北省
B0FFJDG6IS,森马(泛悦mall店),购物服务;服装鞋帽皮具店;服装鞋帽皮具店,解放大道387号泛悦mall一期1层,114.223311,30.584322,湖北省,武汉市,硚口区,湖北省
B0FFGZI6FV,森马(万达广场),购物服务;服装鞋帽皮具店;品牌服装店,东风大道111号万达广场F2层2027、2028,114.173398,30.506318,湖北省,武汉市,蔡甸区,湖北省
B0FFGZGBL6,森马(前川大道),购物服务;服装鞋帽皮具店;品牌服装店,前川大道220号,114.377113,30.868634,湖北省,武汉市,黄陂区,湖北省
B0FFGFM46W,森马(老正街店),购物服务;服装鞋帽皮具店;服装鞋帽皮具店,中百仓储一楼,114.560329,30.653198,湖北省,武汉市,新洲区,湖北省
B0FFGEEAKE,森马(中百百货店),购物服务;服装鞋帽皮具店;品牌服装店|购物服务;体育用品店;体育用品店,吴家山六支沟田园大道108号中心百货2F层,114.133619,30.620076,湖北省,武汉市,东西湖区,湖北省
B0FFFZJP0U,森马(荟聚购物中心),购物服务;服装鞋帽皮具店;品牌服装店,吴家山竹叶海长宜路1号武汉荟聚中心3层,114.168518,30.617510,湖北省,武汉市,硚口区,湖北省
B0FFFQ2OQC,森马(武汉永旺梦乐城),购物服务;服装鞋帽皮具店;品牌服装店,将军路街办事处金银潭大道1号永旺梦乐城金银潭店3层306A,114.237552,30.650653,湖北省,武汉市,东西湖区,湖北省
B0FFFFP6PE,森马(五丰街店),购物服务;服装鞋帽皮具店;品牌服装店,吴家山五丰街75号,114.140035,30.622759,湖北省,武汉市,东西湖区,湖北省
B0FFFDTXQV,森马(江夏店),购物服务;服装鞋帽皮具店;品牌服装店,纸坊兴新街158号休闲佰惠江夏广场2层,114.315158,30.347867,湖北省,武汉市,江夏区,湖北省
B001B17E4X,森马(金融街店),购物服务;服装鞋帽皮具店;品牌服装店,阳逻街金融街15号,114.568411,30.661886,湖北省,武汉市,新洲区,湖北省
B001B0K4SB,森马(民安街店),购物服务;服装鞋帽皮具店;品牌服装店,民安街135号,114.375516,30.869281,湖北省,武汉市,黄陂区,湖北省
B001B0K0WA,森马(蔡正街),购物服务;服装鞋帽皮具店;品牌服装店,蔡甸正街38号,114.030878,30.584861,湖北省,武汉市,蔡甸区,湖北省
B001B09CBG,森马(新洲大街),购物服务;服装鞋帽皮具店;品牌服装店,新洲大道,114.802914,30.844252,湖北省,武汉市,新洲区,湖北省
B001B0K0WA,森马(蔡正街),购物服务;服装鞋帽皮具店;品牌服装店,蔡甸正街38号,114.030878,30.584861,湖北省,武汉市,蔡甸区,湖北省
B001B09CBG,森马(新洲大街),购物服务;服装鞋帽皮具店;品牌服装店,新洲大道,114.802914,30.844252,湖北省,武汉市,新洲区,湖北省
B0FFIXJK5U,森马,购物服务;服装鞋帽皮具店;服装鞋帽皮具店,新天地大厦,112.933327,28.215593,湖南省,长沙市,岳麓区,湖南省
B0FFIMEQAJ,森马,购物服务;服装鞋帽皮具店;服装鞋帽皮具店,麓山南路848号特约经销商,112.935616,28.164569,湖南省,长沙市,岳麓区,湖南省
B0FFK20LG3,森马,购物服务;服装鞋帽皮具店;服装鞋帽皮具店,纽沙MALL1层,112.913920,28.207740,湖南省,长沙市,岳麓区,湖南省
B0FFIUWBKK,森马,购物服务;服装鞋帽皮具店;品牌服装店,永丰路与永安大道交叉口西北50米,113.293735,28.214534,湖南省,长沙市,浏阳市,湖南省
B0FFISDUKT,森马,购物服务;服装鞋帽皮具店;品牌服装店,南湖大道56号东南80米,112.981965,28.024604,湖南省,长沙市,天心区,湖南省
B0FFHIK5YZ,森马,购物服务;服装鞋帽皮具店;品牌服装店,玉潭镇花明北路与一环路交汇处人人乐百货二楼,112.555980,28.266120,湖南省,长沙市,宁乡市,湖南省
B0FFFS9ND4,森马,购物服务;服装鞋帽皮具店;品牌服装店,人民北路与209省道交叉口东南100米,112.291190,28.136550,湖南省,长沙市,宁乡市,湖南省
B0FFIAQRD5,森马(乐和城购物广场店),购物服务;服装鞋帽皮具店;品牌服装店,黄兴中路188号乐和城B1层东方商厦,112.977063,28.198507,湖南省,长沙市,芙蓉区,湖南省
B0FFI1SQF8,森马(麓松路),购物服务;服装鞋帽皮具店;品牌服装店,长塘路与麓松路交叉口东北100米,112.871131,28.205649,湖南省,长沙市,岳麓区,湖南省
B0FFFS74LD,森马(龙华路店),购物服务;服装鞋帽皮具店;品牌服装店,榔梨镇龙华街路街道大园社区龙华路12号,113.115560,28.182651,湖南省,长沙市,长沙县,湖南省
B0FFFFHCQG,森马(湘府百货),购物服务;服装鞋帽皮具店;品牌服装店,中意一路535号湘府百货1层,113.015540,28.108840,湖南省,长沙市,雨花区,湖南省
B02DB0W304,森马(金色家族广场店),购物服务;服装鞋帽皮具店;品牌服装店,韶山北路512号金色家族广场B1层金色家族通程名品中心东塘店2层,112.994107,28.169745,湖南省,长沙市,雨花区,湖南省
B02DB0UR6R,森马(黄兴南路一店),购物服务;服装鞋帽皮具店;品牌服装店,黄兴南路360号新天地大厦二楼,112.976604,28.187904,湖南省,长沙市,芙蓉区,湖南省
B02DB07PSQ,森马(黄兴南路二店),购物服务;服装鞋帽皮具店;品牌服装店,坡子街街道黄兴南路步行街440号(克徕帝旁边),112.976561,28.190446,湖南省,长沙市,芙蓉区,湖南省
B0FFFX9MIQ,森马(牛泸路店),购物服务;服装鞋帽皮具店;品牌服装店,洞阳镇牛泸路,113.407388,28.208799,湖南省,长沙市,浏阳市,湖南省
B02DB0WWLP,森马(含浦联丰路一店),购物服务;服装鞋帽皮具店;品牌服装店,裕园小区a11栋,112.899564,28.131415,湖南省,长沙市,岳麓区,湖南省
B02DB0TPWD,森马(书院西路),购物服务;服装鞋帽皮具店;品牌服装店,书院路215号,113.430279,28.342536,湖南省,长沙市,浏阳市,湖南省
B02DB0TPAO,森马(文中路店),购物服务;服装鞋帽皮具店;品牌服装店,文家市镇创业大道7号,113.928997,28.044723,湖南省,长沙市,浏阳市,湖南省
B02DB0THI9,森马(黄花路店),购物服务;服装鞋帽皮具店;品牌服装店,黄花路171号,113.186437,28.228823,湖南省,长沙市,长沙县,湖南省
B02DB05S6A,森马(浏阳河大酒店东南),购物服务;服装鞋帽皮具店;品牌服装店|购物服务;服装鞋帽皮具店;品牌鞋店,淮川街道新文路99号(浏阳河大酒店东南),113.631284,28.140145,湖南省,长沙市,浏阳市,湖南省
B02DB0UM9M,森马(麓山南路店),购物服务;服装鞋帽皮具店;品牌服装店,麓山南路643号,112.935587,28.164562,湖南省,长沙市,岳麓区,湖南省
B02DB04HWY,森马(长沙火车站二店),购物服务;服装鞋帽皮具店;品牌服装店,车站中路333号,113.010927,28.195942,湖南省,长沙市,芙蓉区,湖南省
B0FFI5L8SR,森马,购物服务;服装鞋帽皮具店;品牌服装店,太和镇联升西路24号,113.355564,23.294101,广东省,广州市,白云区,广东省
B0FFH5C560,森马,购物服务;服装鞋帽皮具店;品牌服装店,安康路48号附近,113.508150,23.583130,广东省,广州市,从化区,广东省
B00141IC2K,森马,购物服务;服装鞋帽皮具店;品牌服装店,建设路19号,113.210011,23.375264,广东省,广州市,花都区,广东省
B0FFJCIOMN,森马(新市天地店),购物服务;服装鞋帽皮具店;品牌服装店,新市南街嘉腾健身北行40米路西,113.264419,23.191354,广东省,广州市,白云区,广东省
B0FFIWO5D1,森马(高德置地广场·春),购物服务;服装鞋帽皮具店;品牌服装店,花城大道85号高德置地广场·春F2层,113.322732,23.120320,广东省,广州市,天河区,广东省
B0FFINN6XQ,森马(优托邦店),购物服务;服装鞋帽皮具店;品牌服装店,奥体南路12号优托邦1层,113.415996,23.130733,广东省,广州市,天河区,广东省
B0FFHXH6T7,森马(捷登都会店),购物服务;服装鞋帽皮具店;服装鞋帽皮具店,中山五路70号捷登都会2层,113.265626,23.125746,广东省,广州市,越秀区,广东省
B0FFG75MZ3,森马(上下九步行街),购物服务;服装鞋帽皮具店;品牌服装店,沙面街道下九路92号东急新天地,113.248680,23.114802,广东省,广州市,荔湾区,广东省
B0FFG6J2V6,森马(万达广场),购物服务;服装鞋帽皮具店;品牌服装店,科丰路89号万达广场2F层2053,113.466669,23.168176,广东省,广州市,黄埔区,广东省
B0FFG5BGA1,森马(大北路店),购物服务;服装鞋帽皮具店;品牌服装店,市桥街道市桥大北路2号,113.366676,22.937000,广东省,广州市,番禺区,广东省
B00140WBRV,森马(北京路店),购物服务;服装鞋帽皮具店;品牌服装店,北京路313大马站商业中心2层,113.268753,23.125359,广东省,广州市,越秀区,广东省
B0FFHI52EV,森马(金铂广场店),购物服务;服装鞋帽皮具店;品牌服装店,石井石夏路288号金铂广场一楼森马,113.252470,23.217182,广东省,广州市,白云区,广东省
B0FFHDC503,森马(广州番禹南村文明路一店),购物服务;服装鞋帽皮具店;品牌服装店,南村镇文明路139号,113.388399,23.007321,广东省,广州市,番禺区,广东省
B0FFGOFK9H,森马(庆丰财智广场店),购物服务;服装鞋帽皮具店;品牌服装店,石井街道石井镇庆丰财智广场,113.227178,23.211138,广东省,广州市,白云区,广东省
B0FFJGOT19,森马(岭南购物城店),购物服务;服装鞋帽皮具店;品牌服装店,健康路21号岭南购物城1层,113.317332,23.038599,广东省,广州市,番禺区,广东省
B0FFK68WVQ,森马(永旺梦乐城店),购物服务;服装鞋帽皮具店;品牌服装店,沙凤三路1号之一1号之二永旺梦乐城2层,113.196327,23.149487,广东省,广州市,白云区,广东省
B0FFIZ1PFH,森马(骏壹万邦店),购物服务;服装鞋帽皮具店;品牌服装店,曙光大道81号骏壹万邦广场3层,113.226669,23.405888,广东省,广州市,花都区,广东省
B0FFIMC7SV,森马(东汇城店),购物服务;服装鞋帽皮具店;服装鞋帽皮具店,府佑路98号东汇城1层,113.818666,23.284109,广东省,广州市,增城区,广东省
B0FFIKE676,森马(石井国际广场店),购物服务;服装鞋帽皮具店;品牌服装店,石沙路86号石井国际广场,113.233326,23.210652,广东省,广州市,白云区,广东省
B0FFIA9EDW,森马(白云汇广场),购物服务;服装鞋帽皮具店;品牌服装店,黄石东路88号白云汇广场2F层218,113.269083,23.202542,广东省,广州市,白云区,广东省
B0FFI73R9D,森马(金铂天地A座),购物服务;服装鞋帽皮具店;品牌服装店,同和大街1号金铂天地A座B1层A069,113.325724,23.196187,广东省,广州市,白云区,广东省
B0FFHNTQA8,森马(时代城),购物服务;服装鞋帽皮具店;品牌服装店,宏明路263号时代城L1层,113.543226,23.112036,广东省,广州市,黄埔区,广东省
B0FFHCFQZY,森马(地王广场店),购物服务;服装鞋帽皮具店;品牌服装店,解放北路115号地王广场1层,113.614564,23.116991,广东省,广州市,增城区,广东省
B0FFH98RQ7,森马(西宁横街店),购物服务;服装鞋帽皮具店;品牌服装店,教育路与西宁中路交叉口南100米,113.587295,23.550496,广东省,广州市,从化区,广东省
B0FFGQJ6NE,森马(宏明路店),购物服务;服装鞋帽皮具店;品牌服装店,春晖四街185号附近,113.544914,23.110683,广东省,广州市,黄埔区,广东省
B0FFGPFYWY,森马(盘古路),购物服务;服装鞋帽皮具店;品牌服装店,狮岭镇友田步行街旁盘古路43号,113.155572,23.463463,广东省,广州市,花都区,广东省
B0FFGFPJTY,森马(万达广场),购物服务;服装鞋帽皮具店;品牌服装店,双山大道3号万达广场F1层,113.532938,22.794137,广东省,广州市,南沙区,广东省
B0FFFAGYV4,森马(南航大道北),购物服务;服装鞋帽皮具店;品牌服装店,益和北路37-34号,113.186091,23.469030,广东省,广州市,花都区,广东省
B0FFKG2OCY,森马,购物服务;服装鞋帽皮具店;品牌服装店,文化街与隆兴一支路交叉口北50米,107.689988,23.172754,广西壮族自治区,南宁市,隆安县,广西壮族自治区
B0FFGF1ZI6,森马(安吉万达),购物服务;服装鞋帽皮具店;品牌服装店,安吉万达广场购物中心,108.292267,22.869204,广西壮族自治区,南宁市,西乡塘区,广西壮族自治区
B0FFGESUNF,森马(秀灵路二店),购物服务;服装鞋帽皮具店;品牌服装店,秀灵路30号宏腾苑小区4号楼1层6号商铺,108.304451,22.839556,广西壮族自治区,南宁市,西乡塘区,广西壮族自治区
B0FFG4A9YX,森马(万达店),购物服务;服装鞋帽皮具店;品牌服装店,青云街18号悦荟广场A座F1层,108.322558,22.813725,广西壮族自治区,南宁市,兴宁区,广西壮族自治区
B0FFF2KMYL,森马(大学东路),购物服务;服装鞋帽皮具店;品牌服装店,大学东路31号(广西大学对面)时代天骄购物广场1层,108.289043,22.831583,广西壮族自治区,南宁市,西乡塘区,广西壮族自治区
B03030W2WK,森马(仙葫通泰路一店),购物服务;服装鞋帽皮具店;品牌服装店,仙葫开发区通泰路70号怡景苑旁,108.449403,22.806978,广西壮族自治区,南宁市,青秀区,广西壮族自治区
B03030TCZJ,森马(南宁五一路淡村一店),购物服务;服装鞋帽皮具店;品牌服装店,福建园街道五一东路淡村商贸城4号楼一楼,108.306824,22.793469,广西壮族自治区,南宁市,江南区,广西壮族自治区
B03030TB6U,森马(银海大道辅路店),购物服务;服装鞋帽皮具店;品牌服装店,庆良区大沙田经济开发区五象大道1号鑫利华大厦1-3楼百佳华百货大沙田店1层,108.317381,22.760643,广西壮族自治区,南宁市,良庆区,广西壮族自治区
B0303054W1,森马(临江路),购物服务;购物相关场所;购物相关场所,新华路34-2号,108.317793,22.814594,广西壮族自治区,南宁市,兴宁区,广西壮族自治区
B0FFJOO3O1,森马(南宁万达茂店),购物服务;服装鞋帽皮具店;品牌服装店,良堤路6号万达茂2层,108.431042,22.768810,广西壮族自治区,南宁市,邕宁区,广西壮族自治区
B0FFIMC24O,森马(永宁路店),购物服务;服装鞋帽皮具店;品牌服装店,城厢镇永宁路3号,108.278771,23.153041,广西壮族自治区,南宁市,武鸣区,广西壮族自治区
B0FFGBIM1K,森马(秀灵路一店),购物服务;服装鞋帽皮具店;品牌服装店,秀灵路东一里30号附近,108.304377,22.839673,广西壮族自治区,南宁市,西乡塘区,广西壮族自治区
B0FFF5VUOS,森马(南宁横县公园路一店),购物服务;服装鞋帽皮具店;品牌服装店,横州镇公园路中段红棉商住105号商铺,109.264719,22.683942,广西壮族自治区,南宁市,横县,广西壮族自治区
B03030UEG3,森马(南宁黎塘仁爱路一店),购物服务;服装鞋帽皮具店;服装鞋帽皮具店,黎塘镇仁爱路46号,109.132288,23.200125,广西壮族自治区,南宁市,宾阳县,广西壮族自治区
B03030UE9S,森马(政府路店),购物服务;服装鞋帽皮具店;品牌服装店,上林县政府路与霞客路交叉口南30米,108.602687,23.430707,广西壮族自治区,南宁市,上林县,广西壮族自治区
B03030UD5B,森马(槎江路店),购物服务;服装鞋帽皮具店;品牌服装店,槎江路3号,109.265419,22.681263,广西壮族自治区,南宁市,横县,广西壮族自治区
B03030TDQL,森马(临浦路店),购物服务;服装鞋帽皮具店;品牌服装店,芦圩临浦街94号(近临浦路),108.812416,23.217556,广西壮族自治区,南宁市,宾阳县,广西壮族自治区
B030305TNV,森马(澄州路店),购物服务;服装鞋帽皮具店;品牌服装店,环城西路148号牡丹大酒店(上林县中医院东北)附近,108.601381,23.431002,广西壮族自治区,南宁市,上林县,广西壮族自治区
B030305TFW,森马(枫江路店),购物服务;服装鞋帽皮具店;品牌服装店,宾州镇永武街337号,108.809515,23.215960,广西壮族自治区,南宁市,宾阳县,广西壮族自治区
B0FFFS6YW1,森马(灵修一路店),购物服务;服装鞋帽皮具店;品牌服装店,秀灵路天域香格里拉旁,108.301665,22.844189,广西壮族自治区,南宁市,西乡塘区,广西壮族自治区
B0FFL51HXL,森马折扣店,购物服务;专卖店;专营店,亭洪路43号西南70米,108.306850,22.787920,广西壮族自治区,南宁市,江南区,广西壮族自治区
B0FFL1SFCS,森马折扣店,购物服务;专卖店;专营店,杭屋里路,108.325270,22.785164,广西壮族自治区,南宁市,江南区,广西壮族自治区
B0FFK8XZSG,森马,购物服务;服装鞋帽皮具店;品牌服装店,大连北路特色面馆旁,104.238025,30.576620,四川省,成都市,龙泉驿区,四川省
B0FFGSXZ8A,森马,购物服务;服装鞋帽皮具店;品牌服装店,简城镇新民街189号,104.547843,30.390050,四川省,成都市,简阳市,四川省
B0FFGC9M2X,森马(春熙路店),购物服务;服装鞋帽皮具店;品牌服装店,春熙路北段1号,104.076443,30.655074,四川省,成都市,锦江区,四川省
B0FFG8BQBH,森马(建设路店),购物服务;服装鞋帽皮具店;品牌服装店,建设路154-156号,104.271120,30.561239,四川省,成都市,龙泉驿区,四川省
B0FFFEPVGU,森马(机九路店),购物服务;服装鞋帽皮具店;品牌服装店,机投桥街道机九路25号,103.979567,30.649640,四川省,成都市,武侯区,四川省
B001C8O2WD,森马(西华雅苑南),购物服务;服装鞋帽皮具店;品牌服装店,红光广场路297号,103.945792,30.777150,四川省,成都市,郫都区,四川省
B001C80H2X,森马(成都荷花池二环路一店),购物服务;服装鞋帽皮具店;品牌服装店,二环路北三段349号附7号,104.079373,30.694714,四川省,成都市,金牛区,四川省
B001C7U8VF,森马(成都乐山嘉定南路一店),购物服务;服装鞋帽皮具店;品牌服装店,建设路29号附5-7,104.103548,30.668859,四川省,成都市,成华区,四川省
B0FFIXKRI4,森马(中国铁建广场店),购物服务;服装鞋帽皮具店;服装鞋帽皮具店,东华二路38号中国铁建广场186mall2层,104.143150,30.680243,四川省,成都市,成华区,四川省
B0FFHDDKQ5,森马(新驿南街),购物服务;服装鞋帽皮具店;品牌服装店,龙泉街道新驿南街9号新驿南街9号,104.272749,30.558697,四川省,成都市,龙泉驿区,四川省
B001C955RJ,森马(东濠沟街·南段),购物服务;服装鞋帽皮具店;品牌服装店,东濠沟街南段136号北70米,103.525016,30.583983,四川省,成都市,大邑县,四川省
B001C8MZR2,森马(灵龙路店),购物服务;服装鞋帽皮具店;品牌服装店,灵龙路222-224号,104.180252,30.652511,四川省,成都市,龙泉驿区,四川省
B001C7TZZB,森马(都江堰市国库集中支付中心南),购物服务;服装鞋帽皮具店;品牌服装店,天正街23-25号(都江堰市国库集中支付中心南),103.623578,30.998161,四川省,成都市,都江堰市,四川省
B0FFK2CX0W,森马·成都,购物服务;服装鞋帽皮具店;服装鞋帽皮具店,青和里南段55号阳光·新业中心2号楼25层2513,104.089710,30.643250,四川省,成都市,锦江区,四川省
B0FFKCWK2S,森马,购物服务;服装鞋帽皮具店;品牌服装店,[],106.581027,26.600346,贵州省,贵阳市,观山湖区,贵州省
B0FFI16Y4K,森马,购物服务;服装鞋帽皮具店;品牌服装店,市西路86号,106.700982,26.579770,贵州省,贵阳市,云岩区,贵州省
B0FFJ9X6Q8,森马(鸿通城购物中心),购物服务;服装鞋帽皮具店;品牌鞋店,解放路100号鸿通城购物中心-1F层,106.708147,26.557677,贵州省,贵阳市,南明区,贵州省
B0FFFSI4MI,森马(贵阳花溪盐务盐务大街店),购物服务;服装鞋帽皮具店;品牌服装店,盐务街北京华联1楼森马专卖店,106.711156,26.599494,贵州省,贵阳市,云岩区,贵州省
B0FFJW0KJY,森马(贵阳龙里青龙路一店),购物服务;服装鞋帽皮具店;品牌服装店,富强路与红枫街交叉口西50米,106.469365,26.551352,贵州省,贵阳市,清镇市,贵州省
B0FFL4D09P,森马(专卖店),购物服务;服装鞋帽皮具店;品牌服装店,顺新社区服务中心新添寨商业步行街森马专卖店,106.762261,26.631616,贵州省,贵阳市,乌当区,贵州省
B0FFHE62XT,森马(添寨商业街一店),购物服务;服装鞋帽皮具店;品牌服装店,新添大道北段284号,106.765931,26.630228,贵州省,贵阳市,乌当区,贵州省
B0FFFE99QS,森马(贵阳龙里青龙路一店),购物服务;服装鞋帽皮具店;品牌服装店,金色湖城步行街森马专卖店,106.468794,26.551494,贵州省,贵阳市,清镇市,贵州省
B0FFJHZ8OW,森马,购物服务;服装鞋帽皮具店;品牌服装店,明通路明通商场一楼,102.718254,25.022188,云南省,昆明市,官渡区,云南省
B0FFIRZ1NJ,森马,购物服务;服装鞋帽皮具店;品牌服装店,红兴路37号附近,102.729043,25.099078,云南省,昆明市,五华区,云南省
B0FFKH5CUQ,森马,购物服务;服装鞋帽皮具店;品牌服装店,金安巷与金方路交叉口西北50米,102.485555,24.925021,云南省,昆明市,安宁市,云南省
B0FFK69AHP,森马,购物服务;专卖店;专营店,双桥路与宝乐巷交叉口西50米,102.733823,25.006477,云南省,昆明市,官渡区,云南省
B0FFK4LUVO,森马,购物服务;服装鞋帽皮具店;品牌服装店,尚德街与生物谷街交叉口西北150米,102.806696,24.776490,云南省,昆明市,呈贡区,云南省
B0FFJ47S22,森马,购物服务;购物相关场所;购物相关场所,奥特莱斯大道砂之船LG层,102.576355,24.919422,云南省,昆明市,安宁市,云南省
B0FFHFJ56J,森马,购物服务;服装鞋帽皮具店;品牌鞋店,东街71-73号,103.038509,25.337867,云南省,昆明市,嵩明县,云南省
B0FFG72QIW,森马,购物服务;服装鞋帽皮具店;品牌服装店,晋城镇晋东路83号(晋宁区第二人民医院北),102.747433,24.706390,云南省,昆明市,晋宁区,云南省
B0FFIZTCZQ,森马(正大风尚购物广场店),购物服务;服装鞋帽皮具店;品牌服装店,茭菱路1110号正大风尚购物广场F1,102.670004,25.050243,云南省,昆明市,五华区,云南省
B0FFHC0O2K,森马(金源大道店),购物服务;服装鞋帽皮具店;品牌服装店,官渡街道世纪城金源大道居然之家对面,102.759460,24.974965,云南省,昆明市,官渡区,云南省
B0FFG72PK0,森马(昆明青年路一店),购物服务;服装鞋帽皮具店;品牌服装店,青年路265号(近江滨西路),102.715948,25.042085,云南省,昆明市,五华区,云南省
B0FFFRZV0F,森马(昆明小西门大观一店),购物服务;服装鞋帽皮具店;品牌服装店,东风西路175号,102.698928,25.042782,云南省,昆明市,五华区,云南省
B0367084R5,森马(昆明玉溪凤凰路地下商城特卖店),购物服务;服装鞋帽皮具店;品牌服装店,南屏街65号(云南国际商务大厦东北),102.710552,25.036838,云南省,昆明市,五华区,云南省
B03670W32B,森马(昆明盘龙人民东路一店),购物服务;服装鞋帽皮具店;品牌服装店,人民东路324号森马专卖店,102.734976,25.044088,云南省,昆明市,盘龙区,云南省
B0FFL4QDBI,森马(1996FRO潮鞋馆),购物服务;专卖店;专营店,商院路,102.650282,25.084829,云南省,昆明市,五华区,云南省
B0FFKTHRNI,森马(世纪金源购物中心店),购物服务;服装鞋帽皮具店;服装鞋帽皮具店,金源大道1号世纪金源购物中心C区1层,102.761969,24.977677,云南省,昆明市,官渡区,云南省
B0FFIB9TVA,森马(金方路),购物服务;服装鞋帽皮具店;品牌服装店,连然安宁乾泰世贸广场(伊皇购物中心西北),102.484603,24.922808,云南省,昆明市,安宁市,云南省
B0FFGIBX6R,森马(旗舰店),购物服务;服装鞋帽皮具店;品牌服装店,振兴街34号附近,103.144476,24.914745,云南省,昆明市,宜良县,云南省
B0FFFY3F89,森马(环城南路店),购物服务;服装鞋帽皮具店;品牌服装店,兴呈路与南门街交叉口西北50米,102.798021,24.889780,云南省,昆明市,呈贡区,云南省
B0FFFW3QE3,森马(景明南路店),购物服务;服装鞋帽皮具店;品牌服装店,景明南路与泓源北路交叉口西北100米,102.851803,24.853253,云南省,昆明市,呈贡区,云南省
B0FFFEND5Z,森马(昆明华宁宁兴路一店),购物服务;服装鞋帽皮具店;品牌服装店,匡山东路与雉山坡交叉口北100米,103.144702,24.913811,云南省,昆明市,宜良县,云南省
B03670VZCL,森马(双龙小街),购物服务;服装鞋帽皮具店;品牌服装店,双龙小街118号(近双龙小街),103.271906,24.756110,云南省,昆明市,石林彝族自治县,云南省
B03670VY28,森马(广场北路),购物服务;服装鞋帽皮具店;品牌服装店,广场北路8号,103.258308,25.553195,云南省,昆明市,寻甸回族彝族自治县,云南省
B036709FTS,森马(秀屏路店),购物服务;服装鞋帽皮具店;品牌服装店,秀屏路88号,102.470709,25.554085,云南省,昆明市,禄劝彝族苗族自治县,云南省
B036708H8B,森马(昆阳街店),购物服务;服装鞋帽皮具店;品牌服装店,昆阳街道昆阳街447号,102.594678,24.667555,云南省,昆明市,晋宁区,云南省
B036708G49,森马(昆明嵩明兰茂广场二店),购物服务;服装鞋帽皮具店;品牌服装店,东风西路163附1,103.045249,25.333383,云南省,昆明市,嵩明县,云南省
B0FFJ1N0VY,森马(昆明景洪勐泐大道一店),购物服务;服装鞋帽皮具店;品牌服装店,勐泐大道48号森马店,103.272712,24.754893,云南省,昆明市,石林彝族自治县,云南省
B0FFK8SOH1,森马(北京东路店),购物服务;服装鞋帽皮具店;品牌服装店,宇拓路1号拉萨百货大楼2层,91.125581,29.652704,西藏自治区,拉萨市,城关区,西藏自治区
B037B0OCWX,森马(雪新村路店),购物服务;服装鞋帽皮具店;品牌服装店,北京中路城市百货旁边,91.117171,29.660973,西藏自治区,拉萨市,城关区,西藏自治区
B037B0OZO3,森马(北京东路店),购物服务;服装鞋帽皮具店;品牌服装店,吉崩岗街道青年路49号,91.128996,29.654074,西藏自治区,拉萨市,城关区,西藏自治区
B0FFJ6R2GK,森马,购物服务;服装鞋帽皮具店;品牌服装店,长乐西路益田假日世界购物中心二层,108.973689,34.269176,陕西省,西安市,新城区,陕西省
B0FFJ3WJGZ,森马,购物服务;服装鞋帽皮具店;品牌服装店,白沙路与科技路交叉口西北150米,108.909886,34.228905,陕西省,西安市,雁塔区,陕西省
B0FFI8I4AZ,森马,购物服务;服装鞋帽皮具店;品牌服装店,锦业四路北150米,108.850267,34.174547,陕西省,西安市,长安区,陕西省
B0FFHP4AYN,森马,购物服务;服装鞋帽皮具店;品牌服装店,蓝新路南段与蓝新路东段十字向北55米,109.317083,34.156081,陕西省,西安市,蓝田县,陕西省
B0FFL7RKMB,森马,购物服务;服装鞋帽皮具店;品牌服装店,下西街与西大街交叉口西50米,109.213017,34.369941,陕西省,西安市,临潼区,陕西省
B0FFL6G56T,森马,购物服务;服装鞋帽皮具店;服装鞋帽皮具店,南长安街智慧新城1期底商,108.944703,34.142766,陕西省,西安市,长安区,陕西省
B0FFKCXBAD,森马,购物服务;专卖店;专营店,太元路与太元路华远西路商业街交叉口东150米,108.980758,34.301675,陕西省,西安市,未央区,陕西省
B0FFK8UWMC,森马,购物服务;服装鞋帽皮具店;服装鞋帽皮具店,席王路北50米,109.071069,34.287137,陕西省,西安市,灞桥区,陕西省
B0FFJGELHW,森马,购物服务;服装鞋帽皮具店;品牌服装店,辛家庙新房村世园之家南门,109.016119,34.311261,陕西省,西安市,未央区,陕西省
B0FFIIG5JI,森马,购物服务;服装鞋帽皮具店;品牌服装店,三兆村,109.021308,34.191440,陕西省,西安市,雁塔区,陕西省
B0FFI763HE,森马,购物服务;服装鞋帽皮具店;品牌服装店,西影路217号附近,108.987389,34.228354,陕西省,西安市,雁塔区,陕西省
B0FFHWJ1EJ,森马,购物服务;服装鞋帽皮具店;品牌服装店,三桥服饰广场B区(建章路东),108.842213,34.304947,陕西省,西安市,未央区,陕西省
B0FFH1NS68,森马(新世界百货西安店),购物服务;服装鞋帽皮具店;品牌服装店,北院门街道北大街88号宏府嘉会广场新世界百货E层,108.946043,34.262781,陕西省,西安市,莲湖区,陕西省
B0FFGPTJWG,森马(小寨店),购物服务;服装鞋帽皮具店;品牌服装店,小寨西路口东南50米,108.947486,34.222478,陕西省,西安市,雁塔区,陕西省
B0FFG50L95,森马(东大街店),购物服务;服装鞋帽皮具店;品牌服装店,东大街335号(西北影院西边),108.952396,34.259776,陕西省,西安市,新城区,陕西省
B0FFG357XS,森马(骡马店),购物服务;服装鞋帽皮具店;品牌服装店,东大街518号,108.949221,34.259275,陕西省,西安市,碑林区,陕西省
B001D10VGS,森马(西安小寨店),购物服务;服装鞋帽皮具店;品牌服装店,长安中路86号开米广场,108.945907,34.224456,陕西省,西安市,雁塔区,陕西省
B0FFH32OPO,森马(丰镐西路店),购物服务;服装鞋帽皮具店;品牌服装店,丰镐西路222正东方向43米,108.878283,34.259232,陕西省,西安市,莲湖区,陕西省
B0FFJ8MKLR,森马(炫彩商城店),购物服务;服装鞋帽皮具店;服装鞋帽皮具店,炫彩商城一楼,108.985023,34.269214,陕西省,西安市,新城区,陕西省
B0FFHM6NUD,森马(西影路),购物服务;服装鞋帽皮具店;品牌服装店,西影路10f号附近,109.010997,34.237803,陕西省,西安市,雁塔区,陕西省
B0FFGPO5EZ,森马(开米广场店),购物服务;服装鞋帽皮具店;品牌服装店,兴善寺东街与长安中路路口旺角广场1层,108.947164,34.224957,陕西省,西安市,雁塔区,陕西省
B0FFGFPHPZ,森马(三爻宜居苑西),购物服务;服装鞋帽皮具店;品牌服装店,长安南路东三爻,108.945883,34.185509,陕西省,西安市,雁塔区,陕西省
B0FFFE8SZ2,森马(太阳新街店),购物服务;服装鞋帽皮具店;品牌服装店,太阳新街与步行街交叉口西南50米,108.931116,34.162703,陕西省,西安市,长安区,陕西省
B0FFIWOC8W,森马(群光广场店),购物服务;服装鞋帽皮具店;品牌服装店,南新街5号群光广场B1,108.954620,34.260098,陕西省,西安市,新城区,陕西省
B0FFH9UOT9,森马(纺织城正街店),购物服务;服装鞋帽皮具店;品牌服装店,纺织城正街东城幼儿园对面,109.064568,34.266630,陕西省,西安市,灞桥区,陕西省
B0FFK67ZJB,森马(紫郡长安城市立方店),购物服务;家电电子卖场;家电电子卖场,朱雀大街南段12号紫郡长安城市立方1层,108.938721,34.194412,陕西省,西安市,雁塔区,陕西省
B0FFJ1MX0M,森马(西安未央区熙地港店二楼),购物服务;服装鞋帽皮具店;品牌服装店,凤城七路8号CITYON熙地港F4,108.945495,34.338720,陕西省,西安市,未央区,陕西省
B0FFIZG738,森马(荣民龙首广场店),购物服务;服装鞋帽皮具店;品牌服装店,未央路27号荣民龙首广场2层,108.948396,34.291580,陕西省,西安市,莲湖区,陕西省
B0FFIQE34Z,森马(万达广场),购物服务;服装鞋帽皮具店;品牌服装店,太华北路369号万达广场F2层,108.972755,34.315497,陕西省,西安市,未央区,陕西省
B0FFIL875X,森马(西宝疏导线店),购物服务;服装鞋帽皮具店;品牌服装店,沣东大道与红光路交叉口东50米,108.825711,34.258932,陕西省,西安市,未央区,陕西省
B0FFIKBOP1,森马(丈八东路店),购物服务;服装鞋帽皮具店;品牌服装店,丈八东路石油学院学生公寓对面人人乐3楼,108.932850,34.198185,陕西省,西安市,雁塔区,陕西省
B0FFIK8DNJ,森马(丈杜路),购物服务;服装鞋帽皮具店;品牌服装店,杜城村丈杜路西门,108.910286,34.179077,陕西省,西安市,雁塔区,陕西省
B0FFHSYGHX,森马(渭青路),购物服务;服装鞋帽皮具店;品牌服装店,渭青路团结村卫生室北50米,108.989251,34.348899,陕西省,西安市,未央区,陕西省
B0FFHRJ8Z3,森马(沣东王寺店),购物服务;服装鞋帽皮具店;品牌服装店,王寺南街15号附近,108.802539,34.258491,陕西省,西安市,长安区,陕西省
B0FFHHE6D1,森马(科技二路店),购物服务;服装鞋帽皮具店;品牌服装店,科技二路151号附近,108.909921,34.219222,陕西省,西安市,雁塔区,陕西省
B0FFH41GIZ,森马(扬善路店),购物服务;服装鞋帽皮具店;品牌服装店,扬善路5-6号附近,108.917747,34.338503,陕西省,西安市,未央区,陕西省
B0FFGXWXV5,森马(cityon熙地港店),购物服务;服装鞋帽皮具店;品牌服装店,未央路170号cityon熙地港购物中心4层,108.946122,34.337995,陕西省,西安市,未央区,陕西省
B0FFGFQL5S,森马(北长安街),购物服务;服装鞋帽皮具店;品牌服装店,文化街路口东南50米,108.944931,34.159019,陕西省,西安市,长安区,陕西省
B0FFGDHU4G,森马(东方红东路店),购物服务;服装鞋帽皮具店;品牌服装店,东方红东路172,109.092151,34.531159,陕西省,西安市,高陵区,陕西省
B0FFGARGCW,森马(咸宁东路店),购物服务;服装鞋帽皮具店;品牌服装店,咸宁东路田家湾,109.039889,34.251456,陕西省,西安市,灞桥区,陕西省
B0FFFT1ZVF,森马(电子正街店),购物服务;服装鞋帽皮具店;品牌服装店,电子城街道电子正街166号,108.919347,34.207638,陕西省,西安市,雁塔区,陕西省
B0FFFSZXJV,森马(乐派生活广场店),购物服务;服装鞋帽皮具店;品牌服装店,渭滨路62号乐派生活广场1楼,108.965721,34.348038,陕西省,西安市,未央区,陕西省
B0FFFGURXQ,森马(草堂路店),购物服务;服装鞋帽皮具店;品牌服装店,草堂路3号购物中心,108.607331,34.108111,陕西省,西安市,鄠邑区,陕西省
B0FFFFUHEA,森马(凤城一路),购物服务;服装鞋帽皮具店;品牌服装店,凤城一路南康新村,108.956275,34.313719,陕西省,西安市,未央区,陕西省
B0FFFDCUXK,森马(111县道店),购物服务;服装鞋帽皮具店;品牌服装店,草滩街道草滩路科技大学时代广场,108.981151,34.381805,陕西省,西安市,未央区,陕西省
B001D0WJNW,森马(泾环南路店),购物服务;服装鞋帽皮具店;品牌服装店,姬家乡韩村一路,109.011742,34.462694,陕西省,西安市,高陵区,陕西省
B001D0WFO8,森马(向阳北路店),购物服务;服装鞋帽皮具店;品牌服装店,洪庆镇田洪正街街道办旁边,109.117250,34.311057,陕西省,西安市,灞桥区,陕西省
B001D09RGW,森马(长安医药大厦东南),购物服务;服装鞋帽皮具店;品牌服装店,北长安街76号,108.944409,34.158518,陕西省,西安市,长安区,陕西省
B001D09NRM,森马(阎良专卖店),购物服务;服装鞋帽皮具店;品牌服装店,胜利街65号,109.229429,34.660021,陕西省,西安市,阎良区,陕西省
B001D09K57,森马(万和城购物中心店),购物服务;服装鞋帽皮具店;品牌服装店,长缨西路1号万和城购物中心2层,108.994682,34.278678,陕西省,西安市,新城区,陕西省
B0FFJ58SDD,森马,购物服务;服装鞋帽皮具店;品牌服装店,和平路与长新路交叉口东北50米,103.730349,36.097693,甘肃省,兰州市,安宁区,甘肃省
B0FFFZQGEM,森马,购物服务;服装鞋帽皮具店;品牌服装店,青龙路1775号,103.264760,36.735238,甘肃省,兰州市,永登县,甘肃省
B0FFG0AYJR,森马(张掖路2号店),购物服务;服装鞋帽皮具店;品牌服装店,张掖路步行街中段老凤祥银楼对面,103.821269,36.059478,甘肃省,兰州市,城关区,甘肃省
B03A30BCUN,森马(皋兰路店),购物服务;服装鞋帽皮具店;品牌服装店,皋兰路宏宇大厦2号,103.840659,36.044441,甘肃省,兰州市,城关区,甘肃省
B03A304841,森马(汇美店),购物服务;服装鞋帽皮具店;品牌服装店,建兰路步行街177号,103.772553,36.070753,甘肃省,兰州市,七里河区,甘肃省
B0FFKCL04U,森马(瑞岭国际店),购物服务;服装鞋帽皮具店;品牌服装店,新区黄河大道瑞岭国际商业广场,103.673630,36.484390,甘肃省,兰州市,永登县,甘肃省
B0FFHXXGBL,森马(西固中街),购物服务;服装鞋帽皮具店;品牌服装店,西固南街5号,103.620553,36.099611,甘肃省,兰州市,西固区,甘肃省
B0FFG0QZ6U,森马(兰州西固步行街一店),购物服务;服装鞋帽皮具店;品牌服装店,西固南街5号,103.621964,36.098096,甘肃省,兰州市,西固区,甘肃省
B03A30XLL4,森马(宝石花路店),购物服务;服装鞋帽皮具店;品牌服装店,[],103.725564,36.100949,甘肃省,兰州市,安宁区,甘肃省
B0FFH0CVBI,森马(大通店),购物服务;服装鞋帽皮具店;品牌服装店,桥头镇人民路27号,101.683675,36.930578,青海省,西宁市,大通回族土族自治县,青海省
B03CB105MR,森马(西大街店),购物服务;服装鞋帽皮具店;品牌服装店,西大街10号,101.781026,36.620548,青海省,西宁市,城中区,青海省
B0FFJFQ7M7,森马,购物服务;服装鞋帽皮具店;品牌服装店,通达北街新华联购物中心2层,106.180515,38.486501,宁夏回族自治区,银川市,金凤区,宁夏回族自治区
B0FFIMEPRW,森马,购物服务;服装鞋帽皮具店;品牌服装店,仁义巷与鼓楼南街交叉口东南50米,106.280687,38.463050,宁夏回族自治区,银川市,兴庆区,宁夏回族自治区
B0FFL80MW8,森马,购物服务;服装鞋帽皮具店;品牌服装店,灵芝巷338号附近,106.207159,38.461627,宁夏回族自治区,银川市,金凤区,宁夏回族自治区
B0FFK7PK5V,森马,购物服务;服装鞋帽皮具店;品牌服装店,南环路与杨和南街交叉口西北50米,106.252036,38.272235,宁夏回族自治区,银川市,永宁县,宁夏回族自治区
B03B703Q6Y,森马(新华东街店),购物服务;服装鞋帽皮具店;品牌服装店,鼓楼南街120号(近新华东街),106.279710,38.461401,宁夏回族自治区,银川市,兴庆区,宁夏回族自治区
B0FFIZG8Y4,森马(浙江商城店),购物服务;服装鞋帽皮具店;品牌服装店,同心南街浙江商城1049号,106.126548,38.488831,宁夏回族自治区,银川市,西夏区,宁夏回族自治区
B0FFG7TJO9,森马(怀远西路店),购物服务;服装鞋帽皮具店;品牌服装店,怀远西路56号,106.134032,38.490709,宁夏回族自治区,银川市,西夏区,宁夏回族自治区
B03B70PNJ1,森马(怀远西路),购物服务;服装鞋帽皮具店;品牌服装店,文萃北街宁阳广场二层,106.135546,38.491817,宁夏回族自治区,银川市,西夏区,宁夏回族自治区
B0FFGC0IJ5,森马,购物服务;专卖店;专营店,西虹东路109华凌贸易城1层,87.605330,43.814992,新疆维吾尔自治区,乌鲁木齐市,水磨沟区,新疆维吾尔自治区
B0FFKUTXZH,森马,购物服务;服装鞋帽皮具店;品牌服装店,外环路与宝山路交叉口南150米,87.584570,43.788410,新疆维吾尔自治区,乌鲁木齐市,沙依巴克区,新疆维吾尔自治区
B0FFHKI20H,森马(乌鲁木齐新华北路小西门一店),购物服务;服装鞋帽皮具店;品牌服装店,新华北路337号美丽华酒店旁,87.611741,43.795696,新疆维吾尔自治区,乌鲁木齐市,天山区,新疆维吾尔自治区
B0FFGLC09K,森马(乌鲁木齐友好路高地中心大厦店),购物服务;服装鞋帽皮具店;品牌服装店,友好北路791号高地中心1层,87.590284,43.819032,新疆维吾尔自治区,乌鲁木齐市,沙依巴克区,新疆维吾尔自治区
B03DF05UT5,森马(南纬二路店),购物服务;服装鞋帽皮具店;品牌服装店,铁路局南纬二路39号森马专卖店,87.561666,43.868063,新疆维吾尔自治区,乌鲁木齐市,新市区,新疆维吾尔自治区
B0FFGWLA8C,森马(古牧地中路店),购物服务;服装鞋帽皮具店;品牌服装店,古牧地中路661号,87.658097,43.963982,新疆维吾尔自治区,乌鲁木齐市,米东区,新疆维吾尔自治区
B0FFF69PM1,森马(柯坪路店),购物服务;服装鞋帽皮具店;品牌服装店,柯坪路与崇文街交叉处向北50米路东,87.289761,43.860989,新疆维吾尔自治区,乌鲁木齐市,头屯河区,新疆维吾尔自治区
B0FFHHRND8,森马(乌鲁木齐经开万达广场店),购物服务;服装鞋帽皮具店;品牌服装店,经济技术开发区街道玄武湖路999号万达广场二楼,87.517568,43.840549,新疆维吾尔自治区,乌鲁木齐市,新市区,新疆维吾尔自治区
B0FFFC3PWM,森马(南湖南路店),购物服务;服装鞋帽皮具店;品牌服装店,南湖南路4号,87.614073,43.816899,新疆维吾尔自治区,乌鲁木齐市,水磨沟区,新疆维吾尔自治区
B0FFJ3TYYA,森马(五星路店),购物服务;服装鞋帽皮具店;品牌服装店,碱泉三街99号天宁高层森马专卖店,87.639653,43.804773,新疆维吾尔自治区,乌鲁木齐市,天山区,新疆维吾尔自治区
B0FFJAK5R4,森马,购物服务;服装鞋帽皮具店;服装鞋帽皮具店,十里河永辉超市二楼,116.464217,39.865155,北京市,北京市,朝阳区,北京市
B0FFIWQ4CW,森马,购物服务;服装鞋帽皮具店;服装鞋帽皮具店,十八里店镇十里河周家庄古隆盛三楼,116.471512,39.858604,北京市,北京市,朝阳区,北京市
B0FFL6ZS24,森马,购物服务;服装鞋帽皮具店;品牌服装店,[],116.636715,40.315110,北京市,北京市,怀柔区,北京市
B0FFL5NNYI,森马,购物服务;服装鞋帽皮具店;品牌服装店,[],116.492044,39.618537,北京市,北京市,大兴区,北京市
B0FFJOO15C,森马,购物服务;购物相关场所;购物相关场所,巴沟路2号(近地铁10号线巴沟站)BHG Mall北京华联万柳购物中心F3层F312,116.294644,39.973126,北京市,北京市,海淀区,北京市
B0FFJNE55A,森马,购物服务;服装鞋帽皮具店;品牌服装店,良乡镇北关西路22楼1层,116.136591,39.735729,北京市,北京市,房山区,北京市
B0FFJIW8XR,森马,购物服务;服装鞋帽皮具店;服装鞋帽皮具店,鲁谷大街东侧永辉超市2层,116.231700,39.894320,北京市,北京市,石景山区,北京市
B0FFIXMC5F,SEMIR,购物服务;服装鞋帽皮具店;品牌服装店,南四环久敬庄路与德贤路交叉口世界之花假日广场2层,116.421795,39.818397,北京市,北京市,大兴区,北京市
B0FFFX750E,森马,购物服务;服装鞋帽皮具店;品牌服装店,商业街3号(东口快乐娃一楼),116.633188,40.315168,北京市,北京市,怀柔区,北京市
B0FFIAB4EQ,森马(凯德MALL·西直门),购物服务;服装鞋帽皮具店;品牌服装店,西直门外大街1号凯德MALL·西直门L5层L5-17&18,116.352981,39.940977,北京市,北京市,西城区,北京市
B000A8ZI9P,森马(五道口三店),购物服务;服装鞋帽皮具店;品牌服装店,成府路41号,116.335835,39.992987,北京市,北京市,海淀区,北京市
B000A8WBQH,森马(西单明珠店),购物服务;服装鞋帽皮具店;品牌服装店,横二条59号西单明珠市场F1层,116.375802,39.910045,北京市,北京市,西城区,北京市
B0FFJ2YI3Q,森马(北京永辉回龙观奥莱店),购物服务;服装鞋帽皮具店;品牌服装店,回龙观西大街118号龙冠大厦永辉超市1层,116.318373,40.073944,北京市,北京市,昌平区,北京市
B0FFHPACEG,森马(国瑞店),购物服务;服装鞋帽皮具店;品牌服装店,崇文门外大街40号搜秀购物广场1层(新世界),116.419451,39.896315,北京市,北京市,东城区,北京市
B0FFFDLN8Z,森马(西单商场天通苑购物中心),购物服务;服装鞋帽皮具店;品牌服装店,东小口镇天通苑五区西单商场天通苑购物中心1层,116.414451,40.066715,北京市,北京市,昌平区,北京市
B000AA1NOD,森马(马连道店),购物服务;服装鞋帽皮具店;品牌服装店,马连道路10号万家上品折扣商场3楼(近百安居),116.327506,39.882969,北京市,北京市,西城区,北京市
B000A8XE7J,森马(区马驹桥百分百店),购物服务;服装鞋帽皮具店;品牌服装店,漷马路金马商城1层,116.556590,39.758681,北京市,北京市,通州区,北京市
B000A883H8,森马(卢沟桥路店),购物服务;服装鞋帽皮具店;品牌服装店,卢沟桥路261号,116.254860,39.859887,北京市,北京市,丰台区,北京市
B0FFG0WNXD,森马(中百世贸店),购物服务;服装鞋帽皮具店;品牌服装店,管庄路甲1号管庄刨花板市场金时代时尚购物中心1层,116.591149,39.914207,北京市,北京市,朝阳区,北京市
B0FFKT203D,森马(北京合生广场店),购物服务;服装鞋帽皮具店;服装鞋帽皮具店,南苑乡果园路88号楼合生广场二层,116.398079,39.855640,北京市,北京市,丰台区,北京市
B0FFKPZWLR,森马(凯德Mall·天宫院店),购物服务;服装鞋帽皮具店;服装鞋帽皮具店,华佗路2号凯德Mall·天宫院店-2层地铁口A口,116.318977,39.672302,北京市,北京市,大兴区,北京市
B0FFK4K4ED,森马(绿地缤纷城店),购物服务;服装鞋帽皮具店;品牌服装店,天星街1号院7号楼绿地缤纷城2层,116.160475,39.756602,北京市,北京市,房山区,北京市
B0FFJYQ7PF,森马(新东郊商城店),购物服务;服装鞋帽皮具店;服装鞋帽皮具店,王四营镇新东郊商城东区四层,116.535719,39.868131,北京市,北京市,朝阳区,北京市
B0FFJN6J8D,森马(万达广场),购物服务;服装鞋帽皮具店;品牌服装店,南苑西路39号万达广场3F层3015,116.367734,39.814552,北京市,北京市,丰台区,北京市
B0FFJKELKR,森马(国泰百货店),购物服务;服装鞋帽皮具店;服装鞋帽皮具店,太平庄东一路国泰百货2层,116.435575,40.073169,北京市,北京市,昌平区,北京市
B0FFIITMYW,森马(悦荟·万科购物中心),购物服务;服装鞋帽皮具店;品牌服装店,南环路10号悦荟·万科购物中心L2层,116.238300,40.212295,北京市,北京市,昌平区,北京市
B0FFHTVZ2J,森马(龙爪树路店),购物服务;服装鞋帽皮具店;品牌服装店,吕家营188号,116.463558,39.841436,北京市,北京市,朝阳区,北京市
B0FFHPUH78,森马(北京通州海淀区清河百货店),购物服务;服装鞋帽皮具店;品牌服装店,永泰庄路25号泰鑫源商厦F2层,116.347580,40.032885,北京市,北京市,海淀区,北京市
B0FFHPU9O9,森马(plus365店),购物服务;服装鞋帽皮具店;品牌服装店,朝阳路京通苑30号楼Plus365购物中心1F层,116.595943,39.912217,北京市,北京市,朝阳区,北京市
B0FFHOSEY2,森马(苏荷时代商业广场),购物服务;服装鞋帽皮具店;品牌服装店,翠屏西路2号苏荷时代商业广场F2层,116.644302,39.891622,北京市,北京市,通州区,北京市
B0FFHIVVBB,森马(京投港店),购物服务;服装鞋帽皮具店;服装鞋帽皮具店,长阳镇长政南街1号院1号楼京投港·长阳购物中心2层,116.212793,39.762980,北京市,北京市,房山区,北京市
B0FFHGKBCJ,森马(星城商厦),购物服务;服装鞋帽皮具店;品牌服装店,兴丰大街三段185号星城商厦F2层,116.338889,39.730972,北京市,北京市,大兴区,北京市
B0FFH1411K,森马(芦星西街),购物服务;服装鞋帽皮具店;品牌服装店,芦星西街与黄鹅路交叉口东南100米,116.290865,39.750420,北京市,北京市,大兴区,北京市
B0FFH12MQ6,森马(北京丰台马家堡永辉店),购物服务;服装鞋帽皮具店;品牌服装店,马家堡东路106号永辉超市三层,116.387107,39.841076,北京市,北京市,丰台区,北京市
B0FFH0006W,森马(爱琴海),购物服务;服装鞋帽皮具店;品牌服装店|购物服务;体育用品店;体育用品店,太阳宫七圣中街12号院2号楼爱琴海购物中心B1层,116.436081,39.971180,北京市,北京市,朝阳区,北京市
B0FFGY5AUD,森马(隆华奥特莱斯购物广场),购物服务;服装鞋帽皮具店;品牌服装店,仁和镇贯通路东侧18号隆华奥特莱斯购物广场F1层,116.642258,40.128655,北京市,北京市,顺义区,北京市
B0FFGBP03Z,森马(双兴苑东区店),购物服务;服装鞋帽皮具店;品牌服装店,小汤山镇顺沙路双兴苑东区甲1号楼底商6门,116.390528,40.176071,北京市,北京市,昌平区,北京市
B0FFG93M41,森马(百联清城国际购物中心店),购物服务;服装鞋帽皮具店;品牌服装店,兴华大街三段3号百联清城购物中心2层,116.331635,39.738865,北京市,北京市,大兴区,北京市
B0FFG8H0D9,森马(国泰百货),购物服务;服装鞋帽皮具店;品牌服装店,双桥路2号院2号国泰百货B1层,116.577618,39.908088,北京市,北京市,朝阳区,北京市
B0FFFX8CA3,森马(百荣店),购物服务;服装鞋帽皮具店;品牌服装店,永定门外大街101-3号(百荣世贸商城A座4层),116.398419,39.860930,北京市,北京市,东城区,北京市
B0FFFT8B85,森马(于庄专卖店),购物服务;服装鞋帽皮具店;品牌服装店,大窦路与锦绣路交汇处,116.070183,39.674287,北京市,北京市,房山区,北京市
B0FFFFXSJ0,森马(京良路店),购物服务;服装鞋帽皮具店;品牌服装店,京良路10号乐家购物中心A座2层,116.332826,39.799478,北京市,北京市,大兴区,北京市
B0FFF5JVN5,森马(潞西路店),购物服务;服装鞋帽皮具店;品牌服装店,南火垡路与潞西路交叉口东150米,116.666260,39.792316,北京市,北京市,通州区,北京市
B0FFF2RPI6,森马(亿潼隆万丰购物店),购物服务;服装鞋帽皮具店;品牌服装店,万丰路305号亿潼隆万丰购物中心2F层,116.296825,39.872798,北京市,北京市,丰台区,北京市
B0FFF2KCQR,森马(天丰利市场),购物服务;服装鞋帽皮具店;品牌服装店,和平西街21号天丰利市场F2层,116.417427,39.962522,北京市,北京市,朝阳区,北京市
B0FFF2BMFR,森马(海淀区城乡仓储柜),购物服务;服装鞋帽皮具店;品牌服装店,苏州桥63号城乡仓储大超市4层,116.306745,39.967216,北京市,北京市,海淀区,北京市
B000AAA0FL,森马(来广营欧尚店),购物服务;服装鞋帽皮具店;服装鞋帽皮具店,来广营乡香宾路66号欧尚3层,116.463671,40.016546,北京市,北京市,朝阳区,北京市
B000A8XKSE,森马(兴隆街店),购物服务;服装鞋帽皮具店;品牌服装店,南口南口镇兴隆街辘轳把胡同28号,116.128341,40.237843,北京市,北京市,昌平区,北京市
B000A8X8XO,森马(云景东路店),购物服务;服装鞋帽皮具店;品牌服装店,云景东路与五所南路交叉口南100米,116.665854,39.880589,北京市,北京市,通州区,北京市
B000A8X6JX,森马(密云店),购物服务;服装鞋帽皮具店;品牌服装店,鼓楼南大街3号燕赛奥特莱斯购物中心F3层,116.845316,40.374576,北京市,北京市,密云区,北京市
B000A8VU5Z,森马(中发百旺商城店),购物服务;服装鞋帽皮具店;品牌服装店,圆明园西路18号中发百旺商城F1层1710,116.276946,40.028868,北京市,北京市,海淀区,北京市
B000A8VPDB,森马(北京昌平政府街一店),购物服务;服装鞋帽皮具店;品牌服装店,政府街4-8号,116.237684,40.220458,北京市,北京市,昌平区,北京市
B000A85Z40,森马(北京永寿中医医院东南),购物服务;服装鞋帽皮具店;品牌服装店,十八里店横街子12号附近(北京永寿中医医院东南),116.509366,39.823318,北京市,北京市,朝阳区,北京市
B000A85X13,森马(区马驹桥百分百店),购物服务;服装鞋帽皮具店;品牌服装店,百分百购物中心1层,116.553578,39.762174,北京市,北京市,通州区,北京市
B000A85RO8,森马(旧宫东路店),购物服务;服装鞋帽皮具店;品牌服装店,旧宫东路1-3号旧宫商厦3层,116.443393,39.804708,北京市,北京市,大兴区,北京市
B000A85QLC,森马(大山子南里店),购物服务;服装鞋帽皮具店;品牌服装店,酒仙桥街道大山子南里31号,116.489260,39.985096,北京市,北京市,朝阳区,北京市
B000A85HQ6,森马(百荣店),购物服务;服装鞋帽皮具店;品牌服装店,木樨园桥东,116.404296,39.857485,北京市,北京市,丰台区,北京市
B0FFJ1OHJZ,森马(密云店),购物服务;服装鞋帽皮具店;品牌服装店,富民街十字路口西四号商铺森马专卖店,116.847264,40.374255,北京市,北京市,密云区,北京市
B0FFI3XN3G,森马(窦店华冠店),购物服务;购物相关场所;购物相关场所,窦店镇大窦路甲8号华冠生活购物广场一层森马服饰,116.069495,39.649174,北京市,北京市,房山区,北京市
B000A8XPDT,森马(漷县商业街一店),购物服务;服装鞋帽皮具店;品牌服装店,漷县镇绿茵小区森马店,116.790806,39.773937,北京市,北京市,通州区,北京市
B0FFG7HHBP,森马(东四南大街店),购物服务;服装鞋帽皮具店;品牌服装店,东四南大街37号,116.417376,39.921982,北京市,北京市,东城区,北京市
B000A887PU,森马(百尚购物广场店),购物服务;服装鞋帽皮具店;品牌服装店,次渠百尚购物广场一楼森马专卖店,116.570770,39.803277,北京市,北京市,通州区,北京市
B0FFHTRDAS,森马,购物服务;服装鞋帽皮具店;品牌服装店,华昌大街70号天津水牛城河东店3层,117.221666,39.137198,天津市,天津市,河东区,天津市
B0FFL7BX08,森马,购物服务;服装鞋帽皮具店;服装鞋帽皮具店,大津城商业广场二楼,117.170792,39.056709,天津市,天津市,西青区,天津市
B0FFKY8BVZ,森马,购物服务;服装鞋帽皮具店;品牌服装店,富贵路,117.439186,39.066503,天津市,天津市,东丽区,天津市
B0FFITQH6E,森马,购物服务;服装鞋帽皮具店;品牌服装店,顺风路与龙顺道交叉口西南50米,117.108703,39.260403,天津市,天津市,北辰区,天津市
B0FFHSOCD2,森马,购物服务;服装鞋帽皮具店;品牌服装店,蓟州区别山镇洲河湾广场二楼,117.416698,40.016048,天津市,天津市,蓟州区,天津市
B001611QKJ,森马,购物服务;购物相关场所;购物相关场所,商业局东路与果园北道交叉口西南50米,117.135451,39.219530,天津市,天津市,北辰区,天津市
B0FFILFCRD,森马(米莱欧百货店),购物服务;服装鞋帽皮具店;品牌服装店,南京路209号米莱欧百货2层,117.195945,39.118623,天津市,天津市,和平区,天津市
B001619YRK,森马(紫金山路店),购物服务;服装鞋帽皮具店;服装鞋帽皮具店,气象台路100号阳光新生活广场内阳光新生活广场1楼,117.184691,39.093238,天津市,天津市,河西区,天津市
B0016160W6,森马(解放路店),购物服务;服装鞋帽皮具店;品牌服装店,解放路步行街,117.666949,39.017011,天津市,天津市,滨海新区,天津市
B00160E0H3,森马(滨江道店),购物服务;服装鞋帽皮具店;品牌服装店,滨江道187-191号炳胜购物中心,117.199761,39.124547,天津市,天津市,和平区,天津市
B0FFKFQHHO,森马(武清常德大街一店),购物服务;服装鞋帽皮具店;品牌服装店,[],117.070572,39.378797,天津市,天津市,武清区,天津市
B0FFJ1R8O9,森马(永旺梦乐城店),购物服务;服装鞋帽皮具店;服装鞋帽皮具店,津沽公路与鑫怡路交口永旺梦乐城3层,117.342407,39.029114,天津市,天津市,津南区,天津市
B0FFIOTWOF,森马(振华东道),购物服务;服装鞋帽皮具店;品牌服装店,京津公路东侧友谊武清百货旁君利商厦D座附近,117.068625,39.372565,天津市,天津市,武清区,天津市
B0FFIFR5PJ,森马(舜新城市广场),购物服务;服装鞋帽皮具店;品牌服装店,小站镇前营路与正营道交汇处舜新城市广场,117.436532,38.918883,天津市,天津市,津南区,天津市
B0FFI0UYXL,森马(泉汇购物广场店),购物服务;服装鞋帽皮具店;品牌服装店,大沽南路1118号泉汇购物广场1层,117.280816,39.068233,天津市,天津市,河西区,天津市
B0FFHMAYFB,森马(远洋未来汇店),购物服务;服装鞋帽皮具店;品牌服装店,远洋中心路89号远洋未来汇购物中心F231-233,117.596988,39.031743,天津市,天津市,滨海新区,天津市
B0FFHJK9K1,森马(永旺天津中北店店),购物服务;服装鞋帽皮具店;品牌服装店,阜盛道1号永旺梦乐城2层,117.090928,39.142581,天津市,天津市,西青区,天津市
B0FFHG03TU,森马(AEONMALL),购物服务;服装鞋帽皮具店;品牌服装店,友谊南路111号AEONMALL2层219,117.219498,39.026585,天津市,天津市,西青区,天津市
B0FFHEZM20,森马(利津路店),购物服务;服装鞋帽皮具店;品牌服装店,利津路86号附近,117.307883,39.087559,天津市,天津市,东丽区,天津市
B0FFG872XI,森马(汉沽牌坊街二店),购物服务;服装鞋帽皮具店;品牌服装店,步行街(汉沽公用房屋管理所东),117.808032,39.242805,天津市,天津市,滨海新区,天津市
B0FFG5AAG0,森马(建国北路店),购物服务;服装鞋帽皮具店;品牌服装店,建国北路与雍阳东道交叉口东北200米,117.070336,39.378303,天津市,天津市,武清区,天津市
B0FFFVGZUA,森马(武清君利商厦店),购物服务;服装鞋帽皮具店;品牌服装店,杨村京津公路君利商厦,117.068654,39.372722,天津市,天津市,武清区,天津市
B0FFFN4OE9,森马(商业道店),购物服务;服装鞋帽皮具店;品牌服装店,芦台镇商业道朝阳花园1层,117.828144,39.322906,天津市,天津市,宁河区,天津市
B0FFFFZWOV,森马(柳青商厦店),购物服务;服装鞋帽皮具店;品牌服装店,杨柳青商贸街a座,117.009619,39.138424,天津市,天津市,西青区,天津市
B001611PJR,森马(天赋源广场店),购物服务;服装鞋帽皮具店;品牌服装店,城关镇,117.307092,39.716109,天津市,天津市,宝坻区,天津市
B0FFIMWICE,森马(新世界百货),购物服务;服装鞋帽皮具店;品牌服装店,东马路138号新世界百货2F层,117.188630,39.140713,天津市,天津市,南开区,天津市
B0FFHEW0YE,森马(熙悦汇店),购物服务;服装鞋帽皮具店;品牌服装店,南泥湾路4号熙汇广场2层,117.124495,39.137351,天津市,天津市,南开区,天津市
B001611B0B,森马(商寓楼东),购物服务;服装鞋帽皮具店;品牌服装店,静海镇,116.926102,38.932798,天津市,天津市,静海区,天津市
B00160F5AE,森马(天赋源广场店),购物服务;服装鞋帽皮具店;品牌服装店,天赋源商业广场,117.309277,39.716043,天津市,天津市,宝坻区,天津市
B00160F4T3,森马(雍阳西道),购物服务;服装鞋帽皮具店;品牌服装店,[],117.064281,39.378215,天津市,天津市,武清区,天津市
B00156DXPN,森马,公司企业;公司;公司,莲花南路2689号5楼,121.432128,31.066303,上海市,上海市,闵行区,上海市
B0FFL34H10,森马,购物服务;服装鞋帽皮具店;品牌服装店,花园浜路119号附近,121.215771,31.317393,上海市,上海市,嘉定区,上海市
B0FFKT9UT0,森马,购物服务;服装鞋帽皮具店;服装鞋帽皮具店,场中路4048号1层110室,121.418304,31.302232,上海市,上海市,宝山区,上海市
B0FFK9FK6X,森马,购物服务;服装鞋帽皮具店;品牌服装店,颛兴路7号,121.396017,31.066596,上海市,上海市,闵行区,上海市
B0FFK7PM2Q,森马,购物服务;服装鞋帽皮具店;品牌服装店,张江镇孙桥路222号,121.630605,31.182643,上海市,上海市,浦东新区,上海市
B0FFK6E18I,森马,购物服务;服装鞋帽皮具店;服装鞋帽皮具店,嘉定镇博乐路99号对面欧尚一楼,121.254049,31.383492,上海市,上海市,嘉定区,上海市
B0FFK68B2X,森马,购物服务;服装鞋帽皮具店;服装鞋帽皮具店,长征镇金沙江路2239弄1-10-4号金沙和美广场负B1楼,121.366352,31.237355,上海市,上海市,普陀区,上海市
B0FFJ4ML7L,森马,购物服务;服装鞋帽皮具店;服装鞋帽皮具店,南翔镇沪宜公路1000号大润发一楼,121.304932,31.292236,上海市,上海市,嘉定区,上海市
B00154D8RN,森马,购物服务;服装鞋帽皮具店;品牌服装店,清河路36号,121.248746,31.384857,上海市,上海市,嘉定区,上海市
B0FFHUELBW,森马(龙之梦购物中心),购物服务;服装鞋帽皮具店;品牌服装店,长宁路1018号龙之梦购物中心F2层2203A,121.416822,31.219309,上海市,上海市,长宁区,上海市
B0FFH2ZMUD,森马(大兴街店),购物服务;服装鞋帽皮具店;品牌服装店,大兴街18号,121.488475,31.213519,上海市,上海市,黄浦区,上海市
B00155QGVG,森马(松江泗泾店),购物服务;服装鞋帽皮具店;品牌服装店,泗泾镇江川北路158号,121.274139,31.112899,上海市,上海市,松江区,上海市
B0FFIPHO9B,森马(万达广场颛桥店),购物服务;服装鞋帽皮具店;品牌服装店,颛桥镇颛兴东路1559号万达广场(颛桥店)F2层,121.406624,31.070552,上海市,上海市,闵行区,上海市
B0FFG69QV5,森马(南华路店),购物服务;服装鞋帽皮具店;品牌服装店,解放街54-56号,121.309349,31.289318,上海市,上海市,嘉定区,上海市
B00156NX8L,森马(靖宇东路店),购物服务;服装鞋帽皮具店;品牌服装店,靖宇东路280号杨浦商贸延吉商业中心F1层,121.535564,31.288931,上海市,上海市,杨浦区,上海市
B0FFHKEKVH,森马(浦东商场),购物服务;服装鞋帽皮具店;品牌服装店,川沙镇川沙路4825号川沙现代广场3层,121.698171,31.195463,上海市,上海市,浦东新区,上海市
B0FFH9FDJI,森马(清溪路店),购物服务;服装鞋帽皮具店;品牌服装店,外高桥清溪路140号,121.575499,31.343808,上海市,上海市,浦东新区,上海市
B0FFFVAN3R,森马(金高店),购物服务;服装鞋帽皮具店;品牌服装店,金高路1256号卜蜂莲花杨高北路店1层,121.608583,31.278986,上海市,上海市,浦东新区,上海市
B00156D2XS,森马(梅陇店),购物服务;服装鞋帽皮具店;品牌服装店,梅陇路413-2,121.419174,31.138250,上海市,上海市,徐汇区,上海市
B0FFG7H1H6,森马(人民中路店),购物服务;服装鞋帽皮具店;品牌服装店,南桥镇人民中路53-55号,121.458772,30.913199,上海市,上海市,奉贤区,上海市
B0FFG2T2I6,森马(上海松江中山中路三店),购物服务;服装鞋帽皮具店;品牌服装店,中山中路256号,121.232516,31.006933,上海市,上海市,松江区,上海市
B00157FJQ5,森马(光新店),购物服务;服装鞋帽皮具店;品牌服装店,光新路1855号乐购1楼,121.432272,31.250442,上海市,上海市,普陀区,上海市
B00156CX3W,森马(东泰店),购物服务;服装鞋帽皮具店;品牌服装店,四川北路2118号天兴百货F1层,121.482623,31.265035,上海市,上海市,虹口区,上海市
B00155Q8KW,森马(中山中路店),购物服务;服装鞋帽皮具店;品牌服装店,中山中路330号上海新纪元商场1层,121.230435,31.006936,上海市,上海市,松江区,上海市
B0FFG2MKN4,森马(江月路),购物服务;服装鞋帽皮具店;品牌服装店,江月路1800号卜蜂莲花浦江店1层,121.506627,31.083504,上海市,上海市,闵行区,上海市
B0FFHI2Z4L,森马(苏航生活广场店),购物服务;服装鞋帽皮具店;服装鞋帽皮具店,沪南公路5588号苏航生活广场1层,121.595914,31.035072,上海市,上海市,浦东新区,上海市
B0FFFSXTQK,森马(万达广场),购物服务;服装鞋帽皮具店;品牌服装店,金沙江西路1051号万达广场F2层,121.324756,31.240460,上海市,上海市,嘉定区,上海市
B0FFL5AM09,森马(罗宾森购物广场店),购物服务;服装鞋帽皮具店;品牌服装店,城中路138号罗宾森购物广场F1,121.244793,31.383653,上海市,上海市,嘉定区,上海市
B0FFL2JAW7,森马(万达百货店),购物服务;服装鞋帽皮具店;品牌服装店,年家浜路518号万达百货2层,121.568607,31.114340,上海市,上海市,浦东新区,上海市
B0FFKUNZCX,森马(昌里路店),购物服务;服装鞋帽皮具店;服装鞋帽皮具店,三林镇昌里路161号,121.497647,31.174816,上海市,上海市,浦东新区,上海市
B0FFKS8CAD,森马(青浦宝龙广场),购物服务;服装鞋帽皮具店;品牌服装店,汇金路590号青浦宝龙广场F2层,121.153023,31.161967,上海市,上海市,青浦区,上海市
B0FFKDR6PI,森马(上海友谊商店店),购物服务;服装鞋帽皮具店;品牌服装店,真光路1219号上海友谊商店F2,121.380724,31.243519,上海市,上海市,普陀区,上海市
B0FFK9F8A6,森马(阳光天地),购物服务;服装鞋帽皮具店;品牌服装店,高科东路777号弄1号阳光天地B1层B108&B108A,121.656579,31.213847,上海市,上海市,浦东新区,上海市
B0FFK32TKZ,森马(吉嘉K-PLAZA),购物服务;服装鞋帽皮具店;品牌服装店,崇教路19号吉嘉K-PLAZAF1层1012,121.276882,31.320418,上海市,上海市,嘉定区,上海市
B0FFJNE25M,森马(中信泰富万达广场店),购物服务;服装鞋帽皮具店;品牌服装店,中信泰富万达广场2层,121.254628,31.330564,上海市,上海市,嘉定区,上海市
B0FFJ6DRDX,森马(亚繁生活时尚广场),购物服务;服装鞋帽皮具店;品牌服装店,莘松路1266号亚繁生活时尚广场B1层,121.349369,31.097051,上海市,上海市,松江区,上海市
B0FFJ3QO5A,森马(蕴川路卜蜂莲花店),购物服务;服装鞋帽皮具店;品牌服装店,蕴川路1557号卜蜂莲花1层H006,121.432983,31.366365,上海市,上海市,宝山区,上海市
B0FFJ1R8VL,森马(金山店),购物服务;服装鞋帽皮具店;品牌服装店,卫零路56号,121.339493,30.713524,上海市,上海市,金山区,上海市
B0FFJ1KBLB,森马(龙阳广场店),购物服务;服装鞋帽皮具店;服装鞋帽皮具店,龙阳路2000号龙阳广场2层,121.557646,31.202963,上海市,上海市,浦东新区,上海市
B0FFJ193FP,森马(龙湖宝山天街店),购物服务;服装鞋帽皮具店;服装鞋帽皮具店,陆翔路1018号龙湖北城天街2层,121.362633,31.358356,上海市,上海市,宝山区,上海市
B0FFIY76YU,森马(万达广场店),购物服务;专卖店;专营店,一二八纪念路988号万达广场F1,121.446795,31.323469,上海市,上海市,宝山区,上海市
B0FFIRBWC4,森马(麦尚城店),购物服务;服装鞋帽皮具店;品牌服装店,九亭地铁站2号口麦尚城(负一楼),121.319465,31.137179,上海市,上海市,松江区,上海市
B0FFIQTHWD,森马(上海绿地缤纷广场),购物服务;服装鞋帽皮具店;品牌服装店,年家浜东路238号上海绿地缤纷广场F1层L127&128,121.594679,31.112056,上海市,上海市,浦东新区,上海市
B0FFIQ9RFA,森马(大润发店),购物服务;服装鞋帽皮具店;品牌服装店,南桥镇南亭公路601号大润发一楼,121.444668,30.905879,上海市,上海市,奉贤区,上海市
B0FFIE2NB8,森马(兆地生活广场),购物服务;服装鞋帽皮具店;品牌服装店,新郁路835号兆地生活广场F2层1016,121.361669,31.252190,上海市,上海市,嘉定区,上海市
B0FFICO5U8,森马(世纪联华店),购物服务;服装鞋帽皮具店;品牌服装店,惠南镇城东路388号世纪联华超市一楼,121.755693,31.046608,上海市,上海市,浦东新区,上海市
B0FFIAC6A6,森马(巴黎春天店),购物服务;服装鞋帽皮具店;品牌服装店,北蔡镇成山路1993号巴黎春天2层,121.536038,31.179277,上海市,上海市,浦东新区,上海市
B0FFI6RWIP,森马(上海徐汇田林路三店),购物服务;服装鞋帽皮具店;品牌服装店,[],121.417257,31.170197,上海市,上海市,徐汇区,上海市
B0FFI6HKNX,森马(大润发店),购物服务;服装鞋帽皮具店;品牌服装店,梅陇镇莲花南路春申路2801号大润发一楼,121.408227,31.107593,上海市,上海市,闵行区,上海市
B0FFI5SPHF,森马(乐尚天地店),购物服务;服装鞋帽皮具店;服装鞋帽皮具店,南乐路456号乐尚天地1层,121.295776,31.024822,上海市,上海市,松江区,上海市
B0FFI5F3E0,森马(万达广场),购物服务;服装鞋帽皮具店;品牌服装店,龙皓路1072号万达广场F1层,121.334192,30.754344,上海市,上海市,金山区,上海市
B0FFI2RQVQ,森马(大润发),购物服务;服装鞋帽皮具店;品牌服装店,黄兴路1618号大润发F2层,121.521898,31.288766,上海市,上海市,杨浦区,上海市
B0FFHPNJ82,森马(碧江广场店),购物服务;服装鞋帽皮具店;品牌服装店,鹤庆路900号碧江广场1号楼1层,121.403775,31.006839,上海市,上海市,闵行区,上海市
B0FFHP5OX8,森马(宝龙城市广场),购物服务;服装鞋帽皮具店;品牌服装店,金海路2505弄宝龙城市广场F1层,121.653629,31.266475,上海市,上海市,浦东新区,上海市
B0FFHOCNNE,森马(鼎基商业广场),购物服务;服装鞋帽皮具店;品牌服装店,沪南公路509号鼎基商业广场F1层,121.756472,31.042059,上海市,上海市,浦东新区,上海市
B0FFHMVYA6,森马(大润发店),购物服务;服装鞋帽皮具店;品牌服装店,康桥镇秀沿路1132-1180号大润发一楼,121.579279,31.134607,上海市,上海市,浦东新区,上海市
B0FFHH60UG,森马(绚荟城),购物服务;服装鞋帽皮具店;品牌服装店,莲花南路1388弄7号绚荟城F1层,121.411356,31.100499,上海市,上海市,闵行区,上海市
B0FFHELOK0,森马(恒生商业广场店),购物服务;服装鞋帽皮具店;品牌服装店,王港上丰路1838号恒生商业广场1层,121.680082,31.241290,上海市,上海市,浦东新区,上海市
B0FFHCSFSW,森马(中房金谊广场),购物服务;服装鞋帽皮具店;品牌服装店,上南路4467弄20号中房金谊广场F2层210-(14-15),121.512971,31.141320,上海市,上海市,浦东新区,上海市
B0FFH739MF,森马(上海松江新桥新南街店),购物服务;服装鞋帽皮具店;品牌服装店,新桥镇新南街440号,121.313064,31.062284,上海市,上海市,松江区,上海市
B0FFH30JYT,森马(大融城),购物服务;服装鞋帽皮具店;品牌服装店,宝安公路3386号大融城F2层201,121.279073,31.330503,上海市,上海市,嘉定区,上海市
B0FFH2CUVO,森马(江川路店),购物服务;服装鞋帽皮具店;品牌服装店,江川路242号附近,121.420733,31.004665,上海市,上海市,闵行区,上海市
B0FFGY87WF,森马(华漕·生活馆),购物服务;服装鞋帽皮具店;品牌服装店,繁兴路399弄1号华漕·生活馆F1层,121.292183,31.209829,上海市,上海市,闵行区,上海市
B0FFGY7EC8,森马(森宏购物广场),购物服务;服装鞋帽皮具店;品牌服装店,长清路1200弄2号森宏购物广场1层,121.491873,31.149747,上海市,上海市,浦东新区,上海市
B0FFGQKSKY,森马(东方国贸店),购物服务;服装鞋帽皮具店;品牌服装店,郎枫路1,121.406580,31.329448,上海市,上海市,宝山区,上海市
B0FFGQJ0F0,森马(雪松路店),购物服务;服装鞋帽皮具店;品牌服装店,雪松路389号(近绿杨路),121.353717,31.283640,上海市,上海市,普陀区,上海市
B0FFGHD8KW,森马(武威路),购物服务;服装鞋帽皮具店;品牌服装店,武威路1118号白丽生活广场1层,121.349716,31.281988,上海市,上海市,普陀区,上海市
B0FFGE2SV7,森马(农工商超市店),购物服务;服装鞋帽皮具店;品牌服装店,川沙路4645号农工商超市F1,121.696595,31.198238,上海市,上海市,浦东新区,上海市
B0FFGB02BC,森马(大润发闸北店),购物服务;服装鞋帽皮具店;品牌服装店,共和新路3318号大润发(闸北店)F1层,121.447429,31.298034,上海市,上海市,静安区,上海市
B0FFGAQSY6,森马(上海临港合庆镇庆南路店),购物服务;服装鞋帽皮具店;品牌服装店,合庆镇庆南路8号迪发广场,121.719109,31.237845,上海市,上海市,浦东新区,上海市
B0FFG8TJRV,森马(振兴路店),购物服务;服装鞋帽皮具店;品牌服装店,车墩镇振兴路85弄59号,121.309050,31.017399,上海市,上海市,松江区,上海市
B0FFG8I9UX,森马(乐购超市店),购物服务;服装鞋帽皮具店;品牌服装店,锦绣路3218号(近成山路)锦绣乐购1楼,121.541060,31.179966,上海市,上海市,浦东新区,上海市
B0FFG19YST,森马(八一路店),购物服务;服装鞋帽皮具店;品牌服装店,八一路与新崇南路交叉口北50米8壹广场,121.395612,31.620566,上海市,上海市,崇明区,上海市
B0FFFRJF5A,森马(南方商城店),购物服务;服装鞋帽皮具店;品牌服装店,中庚·漫游城2层,121.398422,31.130723,上海市,上海市,闵行区,上海市
B0FFFRCF1J,森马(红太阳商业广场),购物服务;服装鞋帽皮具店;品牌服装店,通河路531-539号上海宝山红太阳商业广场开发商直销中心红太阳商业广场F1层,121.445975,31.337247,上海市,上海市,宝山区,上海市
B0FFFP6UFQ,森马(中原欧尚店),购物服务;服装鞋帽皮具店;品牌服装店,[],121.532205,31.312842,上海市,上海市,杨浦区,上海市
B0FFF5BVBQ,森马(九百购物中心),购物服务;服装鞋帽皮具店;品牌服装店,华灵路1051号九百购物中心F1层,121.421546,31.280302,上海市,上海市,宝山区,上海市
B0FFF58XXL,森马(鹿都国际购物广场),购物服务;服装鞋帽皮具店;品牌服装店,松汇中路568号鹿都国际购物广场B2层,121.234553,31.005167,上海市,上海市,松江区,上海市
B0FFF4VY1X,森马(文峰广场),购物服务;服装鞋帽皮具店;品牌服装店,张杨北路801号文峰广场F3层,121.587318,31.271799,上海市,上海市,浦东新区,上海市
B00157GBTN,森马(纪信路),购物服务;服装鞋帽皮具店;品牌服装店,纪信路182-2号,121.271549,31.241820,上海市,上海市,闵行区,上海市
B001579OCB,森马(龙茗路店),购物服务;服装鞋帽皮具店;品牌服装店,龙茗路2231号世纪联华超市一楼9铺,121.385227,31.143963,上海市,上海市,闵行区,上海市
B001577EWN,森马(塘西街),购物服务;服装鞋帽皮具店;品牌服装店,罗店镇塘西街39号,121.343467,31.412628,上海市,上海市,宝山区,上海市
B001576LK5,森马(夏碧路),购物服务;服装鞋帽皮具店;品牌服装店,夏碧路261号世纪华联外高桥店1层,121.586620,31.337110,上海市,上海市,浦东新区,上海市
B00157028M,森马(振兴路店),购物服务;服装鞋帽皮具店;品牌服装店,振兴路29号,121.309435,31.014788,上海市,上海市,松江区,上海市
B00156YY79,森马(青浦凤溪店),购物服务;服装鞋帽皮具店;品牌服装店,华新镇凤中路118号,121.230281,31.197831,上海市,上海市,青浦区,上海市
B00156RS2U,森马(金山店),购物服务;服装鞋帽皮具店;品牌服装店,卫零路85号石化百货附近(富川路柳城路),121.339819,30.713946,上海市,上海市,金山区,上海市
B00156GC3R,森马(长兴路),购物服务;服装鞋帽皮具店;品牌服装店,洞泾镇长兴路678号,121.266014,31.081517,上海市,上海市,松江区,上海市
B00156EQ1S,森马(田林店),购物服务;服装鞋帽皮具店;品牌服装店,田林路104号,121.418592,31.170761,上海市,上海市,徐汇区,上海市
B00156CV2S,森马(星华公路店),购物服务;服装鞋帽皮具店;品牌服装店,翔封路164号附近,121.295371,31.271769,上海市,上海市,嘉定区,上海市
B00155QT1Y,森马(永德路店),购物服务;服装鞋帽皮具店;品牌服装店,吴泾镇永德路180号,121.463460,31.043025,上海市,上海市,闵行区,上海市
B00155Q9SX,森马(上海惠南镇车站路店),购物服务;服装鞋帽皮具店;品牌服装店,东门大街2号附近,121.763552,31.046585,上海市,上海市,浦东新区,上海市
B00155Q8E7,森马(南汇浦东商场店),购物服务;服装鞋帽皮具店;品牌服装店,惠南镇浦东商场东门大街198号,121.760221,31.046711,上海市,上海市,浦东新区,上海市
B00155N9DW,森马(103省道辅路店),购物服务;服装鞋帽皮具店;品牌服装店,沪杭公路298号临附近,121.432580,30.988285,上海市,上海市,奉贤区,上海市
B00155MR7X,森马(灵岩南路店),购物服务;服装鞋帽皮具店;品牌服装店,三林镇灵岩南路1159号,121.500425,31.141214,上海市,上海市,浦东新区,上海市
B00154DDRS,森马(金杨路),购物服务;服装鞋帽皮具店;品牌服装店,金杨路648-650号,121.581623,31.251124,上海市,上海市,浦东新区,上海市
B00154D7XO,森马(三元路),购物服务;服装鞋帽皮具店;品牌服装店,城中东路624号附近,121.113158,31.146515,上海市,上海市,青浦区,上海市
B0FFG1IEUY,森马(逸仙路)(装修中),购物服务;服装鞋帽皮具店;品牌服装店,逸仙路580号吉买盛超级生活广场1层,121.484467,31.304492,上海市,上海市,虹口区,上海市
B0FFKV3NJP,森马,购物服务;服装鞋帽皮具店;服装鞋帽皮具店,石桥铺石杨路18号仁悦天地2楼,106.484666,29.528094,重庆市,重庆市,九龙坡区,重庆市
B0FFKTLW5X,森马,购物服务;服装鞋帽皮具店;品牌服装店,盘溪五支路88号附近,106.480791,29.587990,重庆市,重庆市,江北区,重庆市
B0FFJOI9AM,森马,购物服务;购物相关场所;购物相关场所,长生桥镇通江大道186号悦地购物中心2楼,106.642670,29.488798,重庆市,重庆市,南岸区,重庆市
B0FFKZWI78,森马,购物服务;服装鞋帽皮具店;品牌服装店,久长路步行街198附近,106.268312,29.989980,重庆市,重庆市,合川区,重庆市
B0FFJIFYPF,森马,购物服务;服装鞋帽皮具店;品牌服装店,南宾路与观音街交叉口东北50米,108.117194,29.996956,重庆市,重庆市,石柱土家族自治县,重庆市
B0FFJFHI9E,森马,购物服务;服装鞋帽皮具店;品牌服装店,滨河南路186号附近,109.612635,31.393334,重庆市,重庆市,巫溪县,重庆市
B0FFJBGGM5,森马,购物服务;服装鞋帽皮具店;品牌服装店,渝秀大道126号附近,108.988417,28.443241,重庆市,重庆市,秀山土家族苗族自治县,重庆市
B0FFIZ6S1J,森马,购物服务;服装鞋帽皮具店;品牌服装店,大众路京佰润融城中央商务区,107.800142,30.672456,重庆市,重庆市,梁平区,重庆市
B0FFIVSI0R,森马,购物服务;服装鞋帽皮具店;品牌服装店,石蟆宾馆东北100米(石康路东),105.933124,28.981711,重庆市,重庆市,江津区,重庆市
B0FFIP6F0J,森马,购物服务;服装鞋帽皮具店;品牌服装店,百花路88号宝龙广场,107.366760,29.709387,重庆市,重庆市,涪陵区,重庆市
B0FFG8W6RA,森马,购物服务;服装鞋帽皮具店;品牌服装店,新镇街15号南60米,109.240406,31.402270,重庆市,重庆市,巫溪县,重庆市
B0FFG05XBP,森马,购物服务;服装鞋帽皮具店;品牌服装店,梓潼街道梓潼镇正兴街105号,105.827650,30.179523,重庆市,重庆市,潼南区,重庆市
B0FFIZMOUH,森马(龙湖·U城天街店),购物服务;服装鞋帽皮具店;品牌服装店,大学城北路94号龙湖U城A馆LG层,106.294494,29.608232,重庆市,重庆市,沙坪坝区,重庆市
B0FFI9PIWP,森马(金航路店),购物服务;服装鞋帽皮具店;品牌服装店,义学路2号金易都会1幢1-56,106.628193,29.717277,重庆市,重庆市,渝北区,重庆市
B00170IDCE,森马(长征南路),购物服务;服装鞋帽皮具店;品牌服装店,长征北路与长征南路交叉口西北100米,108.780641,29.527379,重庆市,重庆市,黔江区,重庆市
B001785GOQ,森马(杨家坪南坪镇惠工路步行街一店),购物服务;服装鞋帽皮具店;品牌服装店,惠工路35号附2号,106.564136,29.525472,重庆市,重庆市,南岸区,重庆市
B0FFGTHCQA,森马(中山路店),购物服务;服装鞋帽皮具店;品牌服装店,朝阳街道中山路27号,106.440224,29.827979,重庆市,重庆市,北碚区,重庆市
B0FFILBIXS,森马(双福星街),购物服务;服装鞋帽皮具店;品牌服装店,双福星街负1楼,106.272248,29.413713,重庆市,重庆市,江津区,重庆市
B0FFIKA6PX,森马(万达广场綦江店),购物服务;服装鞋帽皮具店;品牌服装店,滨河大道27号万达广场(綦江店)F1层,106.676111,29.034410,重庆市,重庆市,綦江区,重庆市
B0FFIINRTS,森马(宝龙城市广场店),购物服务;服装鞋帽皮具店;品牌服装店,合阳大道618号宝龙城市广场M,106.257797,30.005959,重庆市,重庆市,合川区,重庆市
B0FFGNV8NJ,森马(重庆万州白岩路一店),购物服务;服装鞋帽皮具店;品牌服装店,白岩路28号附近,108.377118,30.810459,重庆市,重庆市,万州区,重庆市
B0FFGCUSBK,森马(光华世纪广场店),购物服务;服装鞋帽皮具店;品牌服装店,华光世纪广场与步行街交叉口西南50米,105.895332,29.348257,重庆市,重庆市,永川区,重庆市
B0FFG88NEM,森马(西欧商业步行街),购物服务;服装鞋帽皮具店;品牌服装店,惜福商业街74附近,107.349728,30.327897,重庆市,重庆市,垫江县,重庆市
B0FFFRITM1,森马(旗舰店),购物服务;服装鞋帽皮具店;品牌服装店,开州大道与开州步行街交叉口东北100米,108.403676,31.169730,重庆市,重庆市,开州区,重庆市
B001792S70,森马(解放街店),购物服务;服装鞋帽皮具店;品牌服装店,宁河街道解放街4号凤山酒楼西侧,109.629423,31.396966,重庆市,重庆市,巫溪县,重庆市
B001792QQ9,森马(中医院巷店),购物服务;服装鞋帽皮具店;服装鞋帽皮具店,中医院巷61附7,106.232413,29.588823,重庆市,重庆市,璧山区,重庆市
B00178XZMF,森马(广东中路店),购物服务;服装鞋帽皮具店;品牌服装店,广东中路173号,109.882492,31.077048,重庆市,重庆市,巫山县,重庆市
B00178XWF0,森马(重庆市丰都县烟草专卖局东),购物服务;服装鞋帽皮具店;品牌服装店,平都大道中段与河北步行街交叉口东50米,107.732785,29.867097,重庆市,重庆市,丰都县,重庆市
B00178V8NG,森马(友好医院西南),购物服务;服装鞋帽皮具店;品牌服装店,巴王路25号附2号,108.040885,30.292206,重庆市,重庆市,忠县,重庆市
B00178V7ZC,森马(南大街),购物服务;服装鞋帽皮具店;品牌服装店,南大街14号(近后南街),108.665982,31.944729,重庆市,重庆市,城口县,重庆市
B00178UENX,森马(龙岗路店),购物服务;服装鞋帽皮具店;品牌服装店,龙岗中路58号,105.711903,29.699851,重庆市,重庆市,大足区,重庆市
B00178TW9B,森马(武隆人民广场),购物服务;服装鞋帽皮具店;品牌服装店,建设中路101号(龙景天都西北),107.748273,29.320823,重庆市,重庆市,武隆区,重庆市
B00170BQS4,森马(人民广场商业步行街店),购物服务;服装鞋帽皮具店;品牌服装店,人民广场步行街鑫城茶楼南10米,109.467191,31.022111,重庆市,重庆市,奉节县,重庆市
B00170BQS0,森马(云江大道店),购物服务;服装鞋帽皮具店;品牌服装店,云江大道1432号,108.700146,30.931347,重庆市,重庆市,云阳县,重庆市
B001708OXL,森马(平都大道中段店),购物服务;服装鞋帽皮具店;品牌服装店,平都大道中段附近,107.731139,29.866890,重庆市,重庆市,丰都县,重庆市
B0FFHMURKR,森马(重庆万州巴南鱼洞新市街一店),购物服务;服装鞋帽皮具店;品牌服装店,新市街与新民街交叉口东150米,106.526350,29.381185,重庆市,重庆市,巴南区,重庆市
B00178X7Z5,森马(曾家镇人民政府东北),购物服务;服装鞋帽皮具店;品牌服装店,曾凤路13号附1号,106.302551,29.552918,重庆市,重庆市,沙坪坝区,重庆市
B0FFI6K5PC,周至福珠宝(开州森马店),购物服务;专卖店;珠宝首饰工艺品,开州区开州区开州大道新世纪购物广场,108.403938,31.169683,重庆市,重庆市,开州区,重庆市